shortName,displayName,group,module,scope,level,enabledByDefault,verdict,reason,status,implementationClass,implementationPath,testData,language,registration
CanConvertToMultiDollarString,Multi-dollar interpolation can be used in string literals,Code migration,:rules:kotlin:code-migration,in,WEAK WARNING,true,types,reads the language version of the module,ported: `CanConvertToMultiDollarString`,org.jetbrains.kotlin.idea.codeInsight.inspections.CanConvertToMultiDollarStringInspection,plugins/kotlin/code-insight/inspections-k2/src/org/jetbrains/kotlin/idea/codeInsight/inspections/CanConvertToMultiDollarStringInspection.kt,plugins/kotlin/idea/tests/testData/inspections/canConvertToMultiDollarString;plugins/kotlin/idea/tests/testData/inspectionsLocal/canConvertToMultiDollarString,kotlin,plugins/kotlin/code-insight/inspections-k2/resources/intellij.kotlin.codeInsight.inspections.xml
ConvertFromMultiDollarToRegularString,Removable multi-dollar interpolation prefix,Code migration,:rules:kotlin:code-migration,in,INFORMATION,true,types,reads the language version of the module,ported: `ConvertFromMultiDollarToRegularString`,org.jetbrains.kotlin.idea.codeInsight.inspections.ConvertFromMultiDollarToRegularStringInspection,plugins/kotlin/code-insight/inspections-k2/src/org/jetbrains/kotlin/idea/codeInsight/inspections/ConvertFromMultiDollarToRegularStringInspection.kt,plugins/kotlin/idea/tests/testData/inspectionsLocal/convertFromMultiDollarToRegularString,kotlin,plugins/kotlin/code-insight/inspections-k2/resources/intellij.kotlin.codeInsight.inspections.xml
ConvertLongToDuration,Long overload to Duration conversion,Code migration,:rules:kotlin:code-migration,in,WARNING,true,types,resolves calls,ported: `ConvertLongToDuration`,org.jetbrains.kotlin.idea.codeInsight.inspections.ConvertLongToDurationInspection,plugins/kotlin/code-insight/inspections-k2/src/org/jetbrains/kotlin/idea/codeInsight/inspections/ConvertLongToDurationInspection.kt,plugins/kotlin/idea/tests/testData/inspectionsLocal/convertLongToDuration,kotlin,plugins/kotlin/code-insight/inspections-k2/resources/intellij.kotlin.codeInsight.inspections.xml
CustomComponentDestructuringMigration,Position-based destructuring should use positional syntax,Code migration,:rules:kotlin:code-migration,in,WEAK WARNING,true,not-portable,needs the experimental language feature NameBasedDestructuring,,org.jetbrains.kotlin.idea.codeInsight.inspections.declarations.CustomComponentDestructuringMigrationInspection,plugins/kotlin/code-insight/inspections-k2/src/org/jetbrains/kotlin/idea/codeInsight/inspections/declarations/CustomComponentDestructuringMigrationInspection.kt,plugins/kotlin/idea/tests/testData/inspectionsLocal/customComponentDestructuringMigration,kotlin,plugins/kotlin/code-insight/inspections-k2/resources/intellij.kotlin.codeInsight.inspections.xml
InfixCallToOrdinary,Infix call may be dot call,Code migration,:rules:kotlin:code-migration,in,INFORMATION,true,psi,uses only the PSI of one file,ported: `InfixCallToOrdinary`,org.jetbrains.kotlin.idea.codeInsight.inspections.InfixCallToOrdinaryInspection,plugins/kotlin/code-insight/inspections-k2/src/org/jetbrains/kotlin/idea/codeInsight/inspections/InfixCallToOrdinaryInspection.kt,plugins/kotlin/code-insight/inspections-k2/tests/testData/inspectionsLocal/infixCallToOrdinary,kotlin,plugins/kotlin/code-insight/inspections-k2/resources/intellij.kotlin.codeInsight.inspections.xml
CoroutineContextWithJob,'CoroutineContext' can contain 'Job' element,Coroutines,:rules:kotlin:coroutines,in,WARNING,true,types,resolves calls,ported: `CoroutineContextWithJob`,org.jetbrains.kotlin.idea.codeInsight.inspections.coroutines.CoroutineContextWithJobInspection,plugins/kotlin/code-insight/inspections-k2/src/org/jetbrains/kotlin/idea/codeInsight/inspections/coroutines/CoroutineContextWithJobInspection.kt,,kotlin,plugins/kotlin/code-insight/inspections-k2/resources/intellij.kotlin.codeInsight.inspections.xml
DeferredResultUnused,'@Deferred' result is unused,Coroutines,:rules:kotlin:coroutines,in,WARNING,true,types,reads declaration types,ported: `DeferredResultUnused`,org.jetbrains.kotlin.idea.codeInsight.inspections.coroutines.DeferredResultUnusedInspection,plugins/kotlin/code-insight/inspections-k2/src/org/jetbrains/kotlin/idea/codeInsight/inspections/coroutines/DeferredResultUnusedInspection.kt,plugins/kotlin/code-insight/inspections-k2/tests/testData/inspectionsLocal/coroutines/deferredResultUnused,kotlin,plugins/kotlin/code-insight/inspections-k2/resources/intellij.kotlin.codeInsight.inspections.xml
ForEachJoinOnCollectionOfJob,'forEach { it.join() }' call on 'Collection<Job>' instead of single 'joinAll()',Coroutines,:rules:kotlin:coroutines,in,WARNING,true,types,"calls `isIterableForEachFunctionCall`, which uses the Analysis API",ported: `ForEachJoinOnCollectionOfJob`,org.jetbrains.kotlin.idea.codeInsight.inspections.coroutines.ForEachJoinOnCollectionOfJobInspection,plugins/kotlin/code-insight/inspections-k2/src/org/jetbrains/kotlin/idea/codeInsight/inspections/coroutines/ForEachJoinOnCollectionOfJobInspection.kt,plugins/kotlin/code-insight/inspections-k2/tests/testData/inspectionsLocal/coroutines/forEachJoinOnCollectionOfJob,kotlin,plugins/kotlin/code-insight/inspections-k2/resources/intellij.kotlin.codeInsight.inspections.xml
MapAwaitOnCollectionOfDeferred,'map { it.await() }' call on 'Collection<Deferred>' instead of single 'awaitAll()',Coroutines,:rules:kotlin:coroutines,in,WARNING,true,types,"calls `isIterableMapFunctionCall`, which uses the Analysis API",ported: `MapAwaitOnCollectionOfDeferred`,org.jetbrains.kotlin.idea.codeInsight.inspections.coroutines.MapAwaitOnCollectionOfDeferredInspection,plugins/kotlin/code-insight/inspections-k2/src/org/jetbrains/kotlin/idea/codeInsight/inspections/coroutines/MapAwaitOnCollectionOfDeferredInspection.kt,plugins/kotlin/code-insight/inspections-k2/tests/testData/inspectionsLocal/coroutines/mapAwaitOnCollectionOfDeferred,kotlin,plugins/kotlin/code-insight/inspections-k2/resources/intellij.kotlin.codeInsight.inspections.xml
PreferCurrentCoroutineContextToCoroutineContext,Potentially ambiguous 'kotlin.coroutine.coroutineContext' usage,Coroutines,:rules:kotlin:coroutines,in,WARNING,true,types,resolves calls,ported: `PreferCurrentCoroutineContextToCoroutineContext`,org.jetbrains.kotlin.idea.codeInsight.inspections.coroutines.PreferCurrentCoroutineContextToCoroutineContextInspection,plugins/kotlin/code-insight/inspections-k2/src/org/jetbrains/kotlin/idea/codeInsight/inspections/coroutines/PreferCurrentCoroutineContextToCoroutineContextInspection.kt,plugins/kotlin/code-insight/inspections-k2/tests/testData/inspectionsLocal/coroutines/preferCurrentCoroutineContextToCoroutineContext,kotlin,plugins/kotlin/code-insight/inspections-k2/resources/intellij.kotlin.codeInsight.inspections.xml
RunBlocking,RunBlocking in coroutine,Coroutines,:rules:kotlin:coroutines,in,WARNING,true,not-portable,is a global inspection over the whole project,,org.jetbrains.kotlin.idea.codeInsight.inspections.runBlocking.RunBlockingInspection,plugins/kotlin/code-insight/inspections-k2/src/org/jetbrains/kotlin/idea/codeInsight/inspections/runBlocking/RunBlockingInspection.kt,,kotlin,plugins/kotlin/code-insight/inspections-k2/resources/intellij.kotlin.codeInsight.inspections.xml
RunBlockingInSuspendFunction,'runBlocking' inside suspend function,Coroutines,:rules:kotlin:coroutines,in,WARNING,true,types,resolves calls,ported: `RunBlockingInSuspendFunction`,org.jetbrains.kotlin.idea.codeInsight.inspections.coroutines.RunBlockingInSuspendFunctionInspection,plugins/kotlin/code-insight/inspections-k2/src/org/jetbrains/kotlin/idea/codeInsight/inspections/coroutines/RunBlockingInSuspendFunctionInspection.kt,,kotlin,plugins/kotlin/code-insight/inspections-k2/resources/intellij.kotlin.codeInsight.inspections.xml
SimplifiableFlowCall,Function call on 'Flow' type could be simplified,Coroutines,:rules:kotlin:coroutines,in,WEAK WARNING,true,types,resolves calls,ported: `SimplifiableFlowCall`,org.jetbrains.kotlin.idea.codeInsight.inspections.coroutines.SimplifiableFlowCallInspection,plugins/kotlin/code-insight/inspections-k2/src/org/jetbrains/kotlin/idea/codeInsight/inspections/coroutines/SimplifiableFlowCallInspection.kt,plugins/kotlin/idea/tests/testData/inspectionsLocal/coroutines/simplifiableFlowCall,kotlin,plugins/kotlin/code-insight/inspections-k2/resources/intellij.kotlin.codeInsight.inspections.xml
SimplifiableFlowCallChain,Call chain on 'Flow' type can be simplified,Coroutines,:rules:kotlin:coroutines,in,WEAK WARNING,true,types,resolves calls,ported: `SimplifiableFlowCallChain`,org.jetbrains.kotlin.idea.codeInsight.inspections.coroutines.SimplifiableFlowCallChainInspection,plugins/kotlin/code-insight/inspections-k2/src/org/jetbrains/kotlin/idea/codeInsight/inspections/coroutines/SimplifiableFlowCallChainInspection.kt,plugins/kotlin/idea/tests/testData/inspectionsLocal/coroutines/simplifiableFlowCallChain,kotlin,plugins/kotlin/code-insight/inspections-k2/resources/intellij.kotlin.codeInsight.inspections.xml
SuppressedCancellationException,Suppressed 'CancellationException',Coroutines,:rules:kotlin:coroutines,in,WARNING,true,types,resolves calls,covered: detekt `coroutines:SuspendFunSwallowedCancellation`,org.jetbrains.kotlin.idea.codeInsight.inspections.coroutines.SuppressedCancellationExceptionInspection,plugins/kotlin/code-insight/inspections-k2/src/org/jetbrains/kotlin/idea/codeInsight/inspections/coroutines/SuppressedCancellationExceptionInspection.kt,plugins/kotlin/code-insight/inspections-k2/tests/testData/inspectionsLocal/coroutines/suppressedCancellationException,kotlin,plugins/kotlin/code-insight/inspections-k2/resources/intellij.kotlin.codeInsight.inspections.xml
SuspendCoroutineLacksCancellationGuarantees,'suspendCoroutine' lacks cancellation guarantees,Coroutines,:rules:kotlin:coroutines,in,WARNING,true,types,resolves calls,ported: `SuspendCoroutineLacksCancellationGuarantees`,org.jetbrains.kotlin.idea.codeInsight.inspections.coroutines.SuspendCoroutineLacksCancellationGuaranteesInspection,plugins/kotlin/code-insight/inspections-k2/src/org/jetbrains/kotlin/idea/codeInsight/inspections/coroutines/SuspendCoroutineLacksCancellationGuaranteesInspection.kt,plugins/kotlin/code-insight/inspections-k2/tests/testData/inspectionsLocal/coroutines/suspendCoroutineLacksCancellationGuarantees,kotlin,plugins/kotlin/code-insight/inspections-k2/resources/intellij.kotlin.codeInsight.inspections.xml
SuspiciousImplicitCoroutineScopeReceiverAccess,Suspicious implicit 'CoroutineScope' receiver access,Coroutines,:rules:kotlin:coroutines,in,WARNING,true,types,resolves calls,ported: `SuspiciousImplicitCoroutineScopeReceiverAccess`,org.jetbrains.kotlin.idea.codeInsight.inspections.coroutines.SuspiciousImplicitCoroutineScopeReceiverAccessInspection,plugins/kotlin/code-insight/inspections-k2/src/org/jetbrains/kotlin/idea/codeInsight/inspections/coroutines/SuspiciousImplicitCoroutineScopeReceiverAccessInspection.kt,plugins/kotlin/code-insight/inspections-k2/tests/testData/inspectionsLocal/coroutines/ambiguousCoroutineScope,kotlin,plugins/kotlin/code-insight/inspections-k2/resources/intellij.kotlin.codeInsight.inspections.xml
SuspiciousMutableCollectionInStateFlow,Suspicious mutable collection in 'MutableStateFlow',Coroutines,:rules:kotlin:coroutines,in,WARNING,true,types,resolves calls,ported: `SuspiciousMutableCollectionInStateFlow`,org.jetbrains.kotlin.idea.codeInsight.inspections.coroutines.SuspiciousMutableCollectionInStateFlowInspection,plugins/kotlin/code-insight/inspections-k2/src/org/jetbrains/kotlin/idea/codeInsight/inspections/coroutines/SuspiciousMutableCollectionInStateFlowInspection.kt,plugins/kotlin/code-insight/inspections-k2/tests/testData/inspectionsLocal/coroutines/suspiciousMutableCollectionInStateFlow,kotlin,plugins/kotlin/code-insight/inspections-k2/resources/intellij.kotlin.codeInsight.inspections.xml
UnusedFlow,Unused flow,Coroutines,:rules:kotlin:coroutines,in,WARNING,true,types,reads declaration types,ported: `UnusedFlow`,org.jetbrains.kotlin.idea.codeInsight.inspections.coroutines.UnusedFlowInspection,plugins/kotlin/code-insight/inspections-k2/src/org/jetbrains/kotlin/idea/codeInsight/inspections/coroutines/UnusedFlowInspection.kt,plugins/kotlin/idea/tests/testData/inspectionsLocal/coroutines/unusedFlow,kotlin,plugins/kotlin/code-insight/inspections-k2/resources/intellij.kotlin.codeInsight.inspections.xml
UselessCallOnFlow,Redundant call on 'Flow' type,Coroutines,:rules:kotlin:coroutines,in,WARNING,true,types,resolves calls,ported: `UselessCallOnFlow`,org.jetbrains.kotlin.idea.codeInsight.inspections.coroutines.UselessCallOnFlowInspection,plugins/kotlin/code-insight/inspections-k2/src/org/jetbrains/kotlin/idea/codeInsight/inspections/coroutines/UselessCallOnFlowInspection.kt,plugins/kotlin/idea/tests/testData/inspectionsLocal/coroutines/uselessCallOnFlow,kotlin,plugins/kotlin/code-insight/inspections-k2/resources/intellij.kotlin.codeInsight.inspections.xml
HasPlatformType,Function or property has platform type,Java interop issues,:rules:kotlin:java-interop,in,WEAK WARNING,true,types,reads declaration types,covered: detekt `potential-bugs:HasPlatformType`,org.jetbrains.kotlin.idea.codeInsight.inspections.HasPlatformTypeInspection,plugins/kotlin/code-insight/inspections-k2/src/org/jetbrains/kotlin/idea/codeInsight/inspections/HasPlatformTypeInspection.kt,plugins/kotlin/code-insight/inspections-k2/tests/testData/inspectionsLocal/hasPlatformType;plugins/kotlin/code-insight/inspections-k2/tests/testData/inspectionsLocal/hasPlatformTypeWithSettings,kotlin,plugins/kotlin/code-insight/inspections-k2/resources/intellij.kotlin.codeInsight.inspections.xml
JavaCollectionWithNullableTypeArgument,Nullable type argument in Java collection that doesn't support nulls,Java interop issues,:rules:kotlin:java-interop,in,WARNING,true,types,resolves calls,ported: `JavaCollectionWithNullableTypeArgument`,org.jetbrains.kotlin.idea.codeInsight.inspections.JavaCollectionWithNullableTypeArgumentInspection,plugins/kotlin/code-insight/inspections-k2/src/org/jetbrains/kotlin/idea/codeInsight/inspections/JavaCollectionWithNullableTypeArgumentInspection.kt,plugins/kotlin/idea/tests/testData/inspectionsLocal/javaCollectionsWithNullableTypes,kotlin,plugins/kotlin/code-insight/inspections-k2/resources/intellij.kotlin.codeInsight.inspections.xml
JavaCollectionsStaticMethodOnImmutableList,Call of Java mutator method on immutable Kotlin collection,Java interop issues,:rules:kotlin:java-interop,in,WARNING,true,types,"calls `getMethodIfItsArgumentIsImmutableList`, which uses the Analysis API",ported: `JavaCollectionsStaticMethodOnImmutableList`,org.jetbrains.kotlin.idea.codeInsight.inspections.JavaCollectionsStaticMethodOnImmutableListInspection,plugins/kotlin/code-insight/inspections-k2/src/org/jetbrains/kotlin/idea/codeInsight/inspections/JavaCollectionsStaticMethodOnImmutableListInspection.kt,plugins/kotlin/code-insight/inspections-k2/tests/testData/inspectionsLocal/javaCollectionsStaticMethodOnImmutableList,kotlin,plugins/kotlin/code-insight/inspections-k2/resources/intellij.kotlin.codeInsight.inspections.xml
JavaDefaultMethodsNotOverriddenByDelegation,Java default methods are not overridden by delegation,Java interop issues,:rules:kotlin:java-interop,in,WARNING,true,types,resolves calls,ported: `JavaDefaultMethodsNotOverriddenByDelegation`,org.jetbrains.kotlin.idea.codeInsight.inspections.JavaDefaultMethodsNotOverriddenByDelegationInspection,plugins/kotlin/code-insight/inspections-k2/src/org/jetbrains/kotlin/idea/codeInsight/inspections/JavaDefaultMethodsNotOverriddenByDelegationInspection.kt,plugins/kotlin/code-insight/inspections-k2/tests/testData/inspectionsLocal/javaDefaultMethodsNotOverriddenByDelegation/delegateToDelegateObject;plugins/kotlin/code-insight/inspections-k2/tests/testData/inspectionsLocal/javaDefaultMethodsNotOverriddenByDelegation/delegateToSuperclass;plugins/kotlin/code-insight/inspections-k2/tests/testData/inspectionsLocal/javaDefaultMethodsNotOverriddenByDelegation/noProblem,kotlin,plugins/kotlin/code-insight/inspections-k2/resources/intellij.kotlin.codeInsight.inspections.xml
KotlinInternalInJava,Usage of Kotlin internal declarations from Java,Java interop issues,:rules:kotlin:java-interop,in,ERROR,true,not-portable,inspects JAVA files,,org.jetbrains.kotlin.idea.codeInsight.inspections.KotlinInternalInJavaInspection,plugins/kotlin/code-insight/inspections-k2/src/org/jetbrains/kotlin/idea/codeInsight/inspections/KotlinInternalInJavaInspection.kt,,JAVA,plugins/kotlin/code-insight/inspections-k2/resources/intellij.kotlin.codeInsight.inspections.xml
KotlinJvmAnnotationInJava,Kotlin JVM annotation in Java,Java interop issues,:rules:kotlin:java-interop,in,WARNING,true,not-portable,inspects JAVA files,,org.jetbrains.kotlin.idea.codeInsight.inspections.KotlinJvmAnnotationInJavaInspection,plugins/kotlin/code-insight/inspections-k2/src/org/jetbrains/kotlin/idea/codeInsight/inspections/KotlinJvmAnnotationInJavaInspection.kt,,JAVA,plugins/kotlin/code-insight/inspections-k2/resources/intellij.kotlin.codeInsight.inspections.xml
KotlinSealedInheritorsInJava,Inheritance of Kotlin sealed interface/class from Java,Java interop issues,:rules:kotlin:java-interop,in,ERROR,true,not-portable,inspects JAVA files,,org.jetbrains.kotlin.idea.codeInsight.inspections.KotlinSealedInheritorsInJavaInspection,plugins/kotlin/code-insight/inspections-k2/src/org/jetbrains/kotlin/idea/codeInsight/inspections/KotlinSealedInheritorsInJavaInspection.kt,,JAVA,plugins/kotlin/code-insight/inspections-k2/resources/intellij.kotlin.codeInsight.inspections.xml
PackageDirectoryMismatch,Package name does not match containing directory,Java interop issues,:rules:kotlin:java-interop,in,WEAK WARNING,true,psi,uses only the PSI of one file,covered: detekt `naming:InvalidPackageDeclaration`,org.jetbrains.kotlin.idea.codeInsight.inspections.PackageDirectoryMismatchInspection,plugins/kotlin/code-insight/inspections-k2/src/org/jetbrains/kotlin/idea/codeInsight/inspections/PackageDirectoryMismatchInspection.kt,,kotlin,plugins/kotlin/code-insight/inspections-k2/resources/intellij.kotlin.codeInsight.inspections.xml
KotlinLoggerInitializedWithForeignClass,Logger initialized with foreign class,Logging,:rules:kotlin:logging,in,WARNING,false,types,resolves calls,ported: `KotlinLoggerInitializedWithForeignClass`,org.jetbrains.kotlin.idea.codeInsight.inspections.KotlinLoggerInitializedWithForeignClassInspection,plugins/kotlin/code-insight/inspections-k2/src/org/jetbrains/kotlin/idea/codeInsight/inspections/KotlinLoggerInitializedWithForeignClassInspection.kt,plugins/kotlin/idea/tests/testData/inspectionsLocal/logging/loggerInitializedWithForeignClass,kotlin,plugins/kotlin/code-insight/inspections-k2/resources/intellij.kotlin.codeInsight.inspections.xml
KotlinDeprecation,Usage of redundant or deprecated syntax or deprecated symbols,Migration,:rules:kotlin:migration,in,WARNING,true,types,reads compiler diagnostics,ported: `KotlinDeprecation`,org.jetbrains.kotlin.idea.codeInsight.inspections.KotlinCleanupInspection,plugins/kotlin/code-insight/inspections-k2/src/org/jetbrains/kotlin/idea/codeInsight/inspections/KotlinCleanupInspection.kt,,kotlin,plugins/kotlin/code-insight/inspections-k2/resources/intellij.kotlin.codeInsight.inspections.xml
ClassName,Class naming convention,Naming conventions,:rules:kotlin:naming-conventions,in,WEAK WARNING,true,psi,checks names with regular expressions,covered: detekt `naming:ClassNaming`,org.jetbrains.kotlin.idea.codeInsight.inspections.ClassNameInspection,plugins/kotlin/code-insight/inspections-k2/src/org/jetbrains/kotlin/idea/codeInsight/inspections/NamingConventionInspections.kt,plugins/kotlin/code-insight/inspections-k2/tests/testData/inspections/naming/class,kotlin,plugins/kotlin/code-insight/inspections-k2/resources/intellij.kotlin.codeInsight.inspections.xml
ConstPropertyName,Const property naming convention,Naming conventions,:rules:kotlin:naming-conventions,in,WEAK WARNING,true,psi,checks names with regular expressions,covered: ktlint `PropertyName`,org.jetbrains.kotlin.idea.codeInsight.inspections.ConstPropertyNameInspection,plugins/kotlin/code-insight/inspections-k2/src/org/jetbrains/kotlin/idea/codeInsight/inspections/NamingConventionInspections.kt,plugins/kotlin/code-insight/inspections-k2/tests/testData/inspections/naming/constant,kotlin,plugins/kotlin/code-insight/inspections-k2/resources/intellij.kotlin.codeInsight.inspections.xml
EnumEntryName,Enum entry naming convention,Naming conventions,:rules:kotlin:naming-conventions,in,WEAK WARNING,true,psi,checks names with regular expressions,covered: ktlint `EnumEntryNameCase`,org.jetbrains.kotlin.idea.codeInsight.inspections.EnumEntryNameInspection,plugins/kotlin/code-insight/inspections-k2/src/org/jetbrains/kotlin/idea/codeInsight/inspections/NamingConventionInspections.kt,plugins/kotlin/code-insight/inspections-k2/tests/testData/inspections/naming/enumEntry,kotlin,plugins/kotlin/code-insight/inspections-k2/resources/intellij.kotlin.codeInsight.inspections.xml
FunctionName,Function naming convention,Naming conventions,:rules:kotlin:naming-conventions,in,WEAK WARNING,true,psi,checks names with regular expressions; skips tests through detekt excludes,covered: detekt `naming:FunctionNaming`,org.jetbrains.kotlin.idea.codeInsight.inspections.FunctionNameInspection,plugins/kotlin/code-insight/inspections-k2/src/org/jetbrains/kotlin/idea/codeInsight/inspections/NamingConventionInspections.kt,plugins/kotlin/code-insight/inspections-k2/tests/testData/inspections/naming/function,kotlin,plugins/kotlin/code-insight/inspections-k2/resources/intellij.kotlin.codeInsight.inspections.xml
InconsistentCommentForJavaParameter,Inconsistent comment for Java parameter,Naming conventions,:rules:kotlin:naming-conventions,in,WARNING,true,types,uses the Analysis API (`analyze(`),ported: `InconsistentCommentForJavaParameter`,org.jetbrains.kotlin.idea.codeInsight.inspections.InconsistentCommentForJavaParameterInspection,plugins/kotlin/code-insight/inspections-k2/src/org/jetbrains/kotlin/idea/codeInsight/inspections/InconsistentCommentForJavaParameterInspection.kt,plugins/kotlin/idea/tests/testData/inspectionsLocal/inconsistentCommentForJavaParameter,kotlin,plugins/kotlin/code-insight/inspections-k2/resources/intellij.kotlin.codeInsight.inspections.xml
LocalVariableName,Local variable naming convention,Naming conventions,:rules:kotlin:naming-conventions,in,WEAK WARNING,true,psi,checks names with regular expressions,ported: `LocalVariableName`,org.jetbrains.kotlin.idea.codeInsight.inspections.LocalVariableNameInspection,plugins/kotlin/code-insight/inspections-k2/src/org/jetbrains/kotlin/idea/codeInsight/inspections/NamingConventionInspections.kt,plugins/kotlin/code-insight/inspections-k2/tests/testData/inspections/naming/localVariable,kotlin,plugins/kotlin/code-insight/inspections-k2/resources/intellij.kotlin.codeInsight.inspections.xml
ObjectPrivatePropertyName,Object private property naming convention,Naming conventions,:rules:kotlin:naming-conventions,in,WEAK WARNING,true,psi,checks names with regular expressions,covered: detekt `naming:ObjectPropertyNaming`,org.jetbrains.kotlin.idea.codeInsight.inspections.ObjectPrivatePropertyNameInspection,plugins/kotlin/code-insight/inspections-k2/src/org/jetbrains/kotlin/idea/codeInsight/inspections/NamingConventionInspections.kt,plugins/kotlin/code-insight/inspections-k2/tests/testData/inspections/naming/objectPrivateProperty,kotlin,plugins/kotlin/code-insight/inspections-k2/resources/intellij.kotlin.codeInsight.inspections.xml
ObjectPropertyName,Object property naming convention,Naming conventions,:rules:kotlin:naming-conventions,in,WEAK WARNING,true,psi,checks names with regular expressions,"covered: detekt `naming:ObjectPropertyNaming`, `TopLevelPropertyNaming`",org.jetbrains.kotlin.idea.codeInsight.inspections.ObjectPropertyNameInspection,plugins/kotlin/code-insight/inspections-k2/src/org/jetbrains/kotlin/idea/codeInsight/inspections/NamingConventionInspections.kt,plugins/kotlin/code-insight/inspections-k2/tests/testData/inspections/naming/objectOrTopLevelProperty,kotlin,plugins/kotlin/code-insight/inspections-k2/resources/intellij.kotlin.codeInsight.inspections.xml
PackageName,Package naming convention,Naming conventions,:rules:kotlin:naming-conventions,in,WEAK WARNING,true,psi,checks names with regular expressions,"covered: detekt `naming:PackageNaming`, ktlint `PackageName`",org.jetbrains.kotlin.idea.codeInsight.inspections.PackageNameInspection,plugins/kotlin/code-insight/inspections-k2/src/org/jetbrains/kotlin/idea/codeInsight/inspections/NamingConventionInspections.kt,plugins/kotlin/code-insight/inspections-k2/tests/testData/inspections/naming/package,kotlin,plugins/kotlin/code-insight/inspections-k2/resources/intellij.kotlin.codeInsight.inspections.xml
PrivatePropertyName,Private property naming convention,Naming conventions,:rules:kotlin:naming-conventions,in,WEAK WARNING,true,psi,checks names with regular expressions,"covered: detekt `naming:VariableNaming`, `ConstructorParameterNaming`",org.jetbrains.kotlin.idea.codeInsight.inspections.PrivatePropertyNameInspection,plugins/kotlin/code-insight/inspections-k2/src/org/jetbrains/kotlin/idea/codeInsight/inspections/NamingConventionInspections.kt,plugins/kotlin/code-insight/inspections-k2/tests/testData/inspections/naming/companionBlockPrivateProperty;plugins/kotlin/code-insight/inspections-k2/tests/testData/inspections/naming/privateProperty,kotlin,plugins/kotlin/code-insight/inspections-k2/resources/intellij.kotlin.codeInsight.inspections.xml
PropertyName,Property naming convention,Naming conventions,:rules:kotlin:naming-conventions,in,WEAK WARNING,true,psi,checks names with regular expressions,"covered: detekt `naming:VariableNaming`, `ConstructorParameterNaming`",org.jetbrains.kotlin.idea.codeInsight.inspections.PropertyNameInspection,plugins/kotlin/code-insight/inspections-k2/src/org/jetbrains/kotlin/idea/codeInsight/inspections/NamingConventionInspections.kt,plugins/kotlin/code-insight/inspections-k2/tests/testData/inspections/naming/property,kotlin,plugins/kotlin/code-insight/inspections-k2/resources/intellij.kotlin.codeInsight.inspections.xml
TestFunctionName,Test function naming convention,Naming conventions,:rules:kotlin:naming-conventions,in,WEAK WARNING,true,psi,checks names with regular expressions; detects tests through detekt excludes,covered: ktlint `FunctionName`,org.jetbrains.kotlin.idea.codeInsight.inspections.TestFunctionNameInspection,plugins/kotlin/code-insight/inspections-k2/src/org/jetbrains/kotlin/idea/codeInsight/inspections/NamingConventionInspections.kt,,kotlin,plugins/kotlin/code-insight/inspections-k2/resources/intellij.kotlin.codeInsight.inspections.xml
KotlinBigDecimalEquals,'equals()' called on 'BigDecimal',Numeric issues,:rules:kotlin:numeric-issues,in,WARNING,false,types,resolves calls,,org.jetbrains.kotlin.idea.codeInsight.inspections.KotlinBigDecimalEqualsInspection,plugins/kotlin/code-insight/inspections-k2/src/org/jetbrains/kotlin/idea/codeInsight/inspections/KotlinBigDecimalEqualsInspection.kt,plugins/kotlin/code-insight/inspections-k2/tests/testData/inspectionsLocal/bigDecimalEquals,kotlin,plugins/kotlin/code-insight/inspections-k2/resources/intellij.kotlin.codeInsight.inspections.xml
ConvertArgumentToSet,Argument could be converted to 'Set' to improve performance,Other problems,:rules:kotlin:other-problems,in,WEAK WARNING,true,types,reads expression types,ported: `ConvertArgumentToSet`,org.jetbrains.kotlin.idea.codeInsight.inspections.ConvertArgumentToSetInspection,plugins/kotlin/code-insight/inspections-k2/src/org/jetbrains/kotlin/idea/codeInsight/inspections/ConvertArgumentToSetInspection.kt,plugins/kotlin/idea/tests/testData/intentions/convertArgumentToSet,kotlin,plugins/kotlin/code-insight/inspections-k2/resources/intellij.kotlin.codeInsight.inspections.xml
DeprecatedCallableAddReplaceWith,@Deprecated annotation without 'replaceWith' argument,Other problems,:rules:kotlin:other-problems,in,WEAK WARNING,true,types,resolves calls,ported: `DeprecatedCallableAddReplaceWith`,org.jetbrains.kotlin.idea.codeInsight.inspections.DeprecatedCallableAddReplaceWithInspection,plugins/kotlin/code-insight/inspections-k2/src/org/jetbrains/kotlin/idea/codeInsight/inspections/DeprecatedCallableAddReplaceWithInspection.kt,plugins/kotlin/idea/tests/testData/inspectionsLocal/deprecatedCallableAddReplaceWith,kotlin,plugins/kotlin/code-insight/inspections-k2/resources/intellij.kotlin.codeInsight.inspections.xml
EnumValuesSoftDeprecate,'Enum.values()' is recommended to be replaced by 'Enum.entries' since 1.9,Other problems,:rules:kotlin:other-problems,in,WARNING,true,types,resolves calls,,org.jetbrains.kotlin.idea.codeInsight.inspections.EnumValuesSoftDeprecateInspection,plugins/kotlin/code-insight/inspections-k2/src/org/jetbrains/kotlin/idea/codeInsight/inspections/EnumValuesSoftDeprecateInspection.kt,plugins/kotlin/idea/tests/testData/inspectionsLocal/enumValuesSoftDeprecate,kotlin,plugins/kotlin/code-insight/inspections-k2/resources/intellij.kotlin.codeInsight.inspections.xml
EnumValuesSoftDeprecateInJava,'Enum.values()' is recommended to be replaced by 'Enum.getEntries()' since Kotlin 1.9,Other problems,:rules:kotlin:other-problems,in,WARNING,true,not-portable,inspects JAVA files,,org.jetbrains.kotlin.idea.codeInsight.inspections.EnumValuesSoftDeprecateInJavaInspection,plugins/kotlin/code-insight/inspections-k2/src/org/jetbrains/kotlin/idea/codeInsight/inspections/EnumValuesSoftDeprecateInJavaInspection.kt,,JAVA,plugins/kotlin/code-insight/inspections-k2/resources/intellij.kotlin.codeInsight.inspections.xml
EnumValuesTopLevelFunctionSoftDeprecate,'enumValues' is recommended to be replaced by 'enumEntries',Other problems,:rules:kotlin:other-problems,in,WARNING,true,types,resolves calls,,org.jetbrains.kotlin.idea.codeInsight.inspections.EnumValuesTopLevelFunctionSoftDeprecateInspection,plugins/kotlin/code-insight/inspections-k2/src/org/jetbrains/kotlin/idea/codeInsight/inspections/EnumValuesTopLevelFunctionSoftDeprecateInspection.kt,plugins/kotlin/code-insight/inspections-k2/tests/testData/inspectionsLocal/enumValuesTopLevelFunctionSoftDeprecation,kotlin,plugins/kotlin/code-insight/inspections-k2/resources/intellij.kotlin.codeInsight.inspections.xml
FloatingPointLiteralPrecision,Floating-point literal exceeds the available precision,Other problems,:rules:kotlin:other-problems,in,WEAK WARNING,true,types,reads expression types,,org.jetbrains.kotlin.idea.codeInsight.inspections.FloatingPointLiteralPrecisionInspection,plugins/kotlin/code-insight/inspections-k2/src/org/jetbrains/kotlin/idea/codeInsight/inspections/FloatingPointLiteralPrecisionInspection.kt,plugins/kotlin/idea/tests/testData/inspectionsLocal/floatingPointLiteralPrecision,kotlin,plugins/kotlin/code-insight/inspections-k2/resources/intellij.kotlin.codeInsight.inspections.xml
KDocMissingDocumentation,Missing KDoc comments for public declarations,Other problems,:rules:kotlin:other-problems,in,WARNING,false,psi,skips tests through detekt excludes,"covered: detekt `comments:UndocumentedPublicClass`, `UndocumentedPublicFunction`, `UndocumentedPublicProperty`",org.jetbrains.kotlin.idea.codeInsight.inspections.kdoc.KDocMissingDocumentationInspection,plugins/kotlin/code-insight/inspections-k2/src/org/jetbrains/kotlin/idea/codeInsight/inspections/kdoc/KDocMissingDocumentationInspection.kt,plugins/kotlin/idea/tests/testData/inspectionsLocal/kdocMissingDocumentation,kotlin,plugins/kotlin/code-insight/inspections-k2/resources/intellij.kotlin.codeInsight.inspections.xml
KotlinAmbiguousActuals,Ambiguous actuals,Other problems,:rules:kotlin:other-problems,in,ERROR,true,not-portable,reads the multiplatform module structure,,org.jetbrains.kotlin.idea.codeInsight.inspections.KotlinAmbiguousActualsInspection,plugins/kotlin/code-insight/inspections-k2/src/org/jetbrains/kotlin/idea/codeInsight/inspections/KotlinAmbiguousActualsInspection.kt,,kotlin,plugins/kotlin/code-insight/inspections-k2/resources/intellij.kotlin.codeInsight.inspections.xml
KotlinNoActualForExpect,No actual for expect declaration,Other problems,:rules:kotlin:other-problems,in,ERROR,true,not-portable,searches actual declarations across the multiplatform modules,,org.jetbrains.kotlin.idea.codeInsight.inspections.KotlinNoActualForExpectInspection,plugins/kotlin/code-insight/inspections-k2/src/org/jetbrains/kotlin/idea/codeInsight/inspections/KotlinNoActualForExpectInspection.kt,,kotlin,plugins/kotlin/code-insight/inspections-k2/resources/intellij.kotlin.codeInsight.inspections.xml
MigrateDiagnosticSuppression,Diagnostic name should be replaced,Other problems,:rules:kotlin:other-problems,in,WARNING,true,types,reads declaration symbols,,org.jetbrains.kotlin.idea.codeInsight.inspections.MigrateDiagnosticSuppressionInspection,plugins/kotlin/code-insight/inspections-k2/src/org/jetbrains/kotlin/idea/codeInsight/inspections/MigrateDiagnosticSuppressionInspection.kt,plugins/kotlin/code-insight/inspections-k2/tests/testData/inspectionsLocal/migrateDiagnosticSuppression,kotlin,plugins/kotlin/code-insight/inspections-k2/resources/intellij.kotlin.codeInsight.inspections.xml
PublicApiImplicitType,Public API declaration with implicit return type,Other problems,:rules:kotlin:other-problems,in,WEAK WARNING,false,types,reads declaration symbols,covered: detekt `libraries:LibraryCodeMustSpecifyReturnType` (detekt-rules-libraries),org.jetbrains.kotlin.idea.codeInsight.inspections.PublicApiImplicitTypeInspection,plugins/kotlin/code-insight/inspections-k2/src/org/jetbrains/kotlin/idea/codeInsight/inspections/PublicApiImplicitTypeInspection.kt,plugins/kotlin/idea/tests/testData/inspections/publicApiImplicitType,kotlin,plugins/kotlin/code-insight/inspections-k2/resources/intellij.kotlin.codeInsight.inspections.xml
ReplacePrintlnWithLogging,Call to 'print()' or 'println()',Other problems,:rules:kotlin:other-problems,in,WARNING,false,types,reads declaration symbols,covered: detekt `style:ForbiddenMethodCall`,org.jetbrains.kotlin.idea.codeInsight.inspections.ReplacePrintlnWithLoggingInspection,plugins/kotlin/code-insight/inspections-k2/src/org/jetbrains/kotlin/idea/codeInsight/inspections/ReplacePrintlnWithLoggingInspection.kt,plugins/kotlin/code-insight/inspections-k2/tests/testData/inspectionsLocal/replacePrintlnWithLogging,kotlin,plugins/kotlin/code-insight/inspections-k2/resources/intellij.kotlin.codeInsight.inspections.xml
ReplaceWithEnumMap,'HashMap' can be replaced with 'EnumMap',Other problems,:rules:kotlin:other-problems,in,WARNING,true,types,resolves calls,,org.jetbrains.kotlin.idea.codeInsight.inspections.ReplaceWithEnumMapInspection,plugins/kotlin/code-insight/inspections-k2/src/org/jetbrains/kotlin/idea/codeInsight/inspections/ReplaceWithEnumMapInspection.kt,plugins/kotlin/idea/tests/testData/inspectionsLocal/replaceWithEnumMap,kotlin,plugins/kotlin/code-insight/inspections-k2/resources/intellij.kotlin.codeInsight.inspections.xml
ReplaceWithStringBuilderAppendRange,"'StringBuilder.append(CharArray, offset, len)' call on the JVM",Other problems,:rules:kotlin:other-problems,in,WARNING,true,types,reads expression types,,org.jetbrains.kotlin.idea.codeInsight.inspections.ReplaceWithStringBuilderAppendRangeInspection,plugins/kotlin/code-insight/inspections-k2/src/org/jetbrains/kotlin/idea/codeInsight/inspections/ReplaceWithStringBuilderAppendRangeInspection.kt,plugins/kotlin/code-insight/inspections-k2/tests/testData/inspectionsLocal/replaceWithStringBuilderAppendRange,kotlin,plugins/kotlin/code-insight/inspections-k2/resources/intellij.kotlin.codeInsight.inspections.xml
ScriptShebangExecPermission,Script is not executable. Missing execute permission.,Other problems,:rules:kotlin:other-problems,in,WARNING,true,not-portable,reads file system permissions,,org.jetbrains.kotlin.idea.codeInsight.inspections.ScriptShebangExecPermissionInspection,plugins/kotlin/code-insight/inspections-k2/src/org/jetbrains/kotlin/idea/codeInsight/inspections/ScriptShebangExecPermissionInspection.kt,plugins/kotlin/idea/tests/testData/inspectionsLocal/scriptExecutable,kotlin,plugins/kotlin/code-insight/inspections-k2/resources/intellij.kotlin.codeInsight.inspections.xml
UseNamedGetter,Use named getter,Other problems,:rules:kotlin:other-problems,in,WARNING,true,not-portable,inspects JAVA files,,org.jetbrains.kotlin.idea.codeInsight.inspections.java.UseNamedGetterInspection,plugins/kotlin/code-insight/inspections-k2/src/org/jetbrains/kotlin/idea/codeInsight/inspections/java/UseNamedGetterInspection.kt,,JAVA,plugins/kotlin/code-insight/inspections-k2/resources/intellij.kotlin.codeInsight.inspections.xml
AddExplicitTargetToParameterAnnotation,Redundant interpolation prefix,Probable bugs,:rules:kotlin:probable-bugs,in,WEAK WARNING,true,not-portable,never reports at the default language version; it is only useful with an older language version,,org.jetbrains.kotlin.idea.codeInsight.inspections.AddExplicitTargetToParameterAnnotationInspection,plugins/kotlin/code-insight/inspections-k2/src/org/jetbrains/kotlin/idea/codeInsight/inspections/AddExplicitTargetToParameterAnnotationInspection.kt,plugins/kotlin/idea/tests/testData/inspectionsLocal/defaultAnnotationTarget,kotlin,plugins/kotlin/code-insight/inspections-k2/resources/intellij.kotlin.codeInsight.inspections.xml
AmbiguousNonLocalJump,Ambiguous non-local 'break' or 'continue',Probable bugs,:rules:kotlin:probable-bugs,in,WEAK WARNING,true,types,resolves calls,ported: `AmbiguousNonLocalJump`,org.jetbrains.kotlin.idea.codeInsight.inspections.AmbiguousNonLocalJumpInspection,plugins/kotlin/code-insight/inspections-k2/src/org/jetbrains/kotlin/idea/codeInsight/inspections/AmbiguousNonLocalJumpInspection.kt,plugins/kotlin/code-insight/inspections-k2/tests/testData/inspectionsLocal/ambiguousNonLocalJump,kotlin,plugins/kotlin/code-insight/inspections-k2/resources/intellij.kotlin.codeInsight.inspections.xml
ArrayInDataClass,Array property in data or value class,Probable bugs,:rules:kotlin:probable-bugs,in,WARNING,true,types,reads declaration types,ported: `ArrayInDataClass`,org.jetbrains.kotlin.idea.codeInsight.inspections.declarations.ArrayInDataClassInspection,plugins/kotlin/code-insight/inspections-k2/src/org/jetbrains/kotlin/idea/codeInsight/inspections/declarations/ArrayInDataClassInspection.kt,plugins/kotlin/idea/tests/testData/inspections/arrayInDataClass;plugins/kotlin/idea/tests/testData/inspectionsLocal/arrayInDataClass,kotlin,plugins/kotlin/code-insight/inspections-k2/resources/intellij.kotlin.codeInsight.inspections.xml
AssignedValueIsNeverRead,Assigned value is never read,Probable bugs,:rules:kotlin:probable-bugs,in,WARNING,true,types,reads compiler diagnostics,ported: `AssignedValueIsNeverRead`,org.jetbrains.kotlin.idea.codeInsight.inspections.diagnosticBased.AssignedValueIsNeverReadInspection,plugins/kotlin/code-insight/inspections-k2/src/org/jetbrains/kotlin/idea/codeInsight/inspections/diagnosticBased/AssignedValueIsNeverReadInspection.kt,,kotlin,plugins/kotlin/code-insight/inspections-k2/resources/intellij.kotlin.codeInsight.inspections.xml
CanSealedSubClassBeObject,Sealed subclass without state and overridden equals,Probable bugs,:rules:kotlin:probable-bugs,in,WEAK WARNING,true,types,reads declaration symbols,ported: `CanSealedSubClassBeObject`,org.jetbrains.kotlin.idea.codeInsight.inspections.CanSealedSubClassBeObjectInspection,plugins/kotlin/code-insight/inspections-k2/src/org/jetbrains/kotlin/idea/codeInsight/inspections/CanSealedSubClassBeObjectInspection.kt,plugins/kotlin/idea/tests/testData/inspectionsLocal/convertSealedSubClassToObject,kotlin,plugins/kotlin/code-insight/inspections-k2/resources/intellij.kotlin.codeInsight.inspections.xml
ConflictingExtensionProperty,Extension property conflicting with synthetic one,Probable bugs,:rules:kotlin:probable-bugs,in,WARNING,true,types,resolves calls,ported: `ConflictingExtensionProperty`,org.jetbrains.kotlin.idea.codeInsight.inspections.ConflictingExtensionPropertyInspection,plugins/kotlin/code-insight/inspections-k2/src/org/jetbrains/kotlin/idea/codeInsight/inspections/ConflictingExtensionPropertyInspection.kt,,kotlin,plugins/kotlin/code-insight/inspections-k2/resources/intellij.kotlin.codeInsight.inspections.xml
ConvertNaNEquality,Convert equality check with 'NaN' to 'isNaN' call,Probable bugs,:rules:kotlin:probable-bugs,in,WARNING,true,types,resolves calls,ported: `ConvertNaNEquality`,org.jetbrains.kotlin.idea.codeInsight.inspections.ConvertNaNEqualityInspection,plugins/kotlin/code-insight/inspections-k2/src/org/jetbrains/kotlin/idea/codeInsight/inspections/ConvertNaNEqualityInspection.kt,plugins/kotlin/idea/tests/testData/inspectionsLocal/convertNaNEquality,kotlin,plugins/kotlin/code-insight/inspections-k2/resources/intellij.kotlin.codeInsight.inspections.xml
ConvertNameBasedDestructuringShortFormToFull,Convert name-based destructuring short form to full,Probable bugs,:rules:kotlin:probable-bugs,in,INFORMATION,true,not-portable,needs the experimental language feature NameBasedDestructuring,,org.jetbrains.kotlin.idea.codeInsight.inspections.ConvertNameBasedDestructuringShortFormToFullInspection,plugins/kotlin/code-insight/inspections-k2/src/org/jetbrains/kotlin/idea/codeInsight/inspections/ConvertNameBasedDestructuringShortFormToFullInspection.kt,,kotlin,plugins/kotlin/code-insight/inspections-k2/resources/intellij.kotlin.codeInsight.inspections.xml
DataClassPrivateConstructor,Private data class constructor is exposed via the 'copy' method,Probable bugs,:rules:kotlin:probable-bugs,in,WARNING,true,types,reads the language version of the module,ported: `DataClassPrivateConstructor`,org.jetbrains.kotlin.idea.codeInsight.inspections.DataClassPrivateConstructorInspection,plugins/kotlin/code-insight/inspections-k2/src/org/jetbrains/kotlin/idea/codeInsight/inspections/DataClassPrivateConstructorInspection.kt,plugins/kotlin/code-insight/inspections-k2/tests/testData/inspections/dataClassPrivateConstructor,kotlin,plugins/kotlin/code-insight/inspections-k2/resources/intellij.kotlin.codeInsight.inspections.xml
DelegationToVarProperty,Delegating to 'var' property,Probable bugs,:rules:kotlin:probable-bugs,in,WARNING,true,types,searches references in one file,ported: `DelegationToVarProperty`,org.jetbrains.kotlin.idea.codeInsight.inspections.DelegationToVarPropertyInspection,plugins/kotlin/code-insight/inspections-k2/src/org/jetbrains/kotlin/idea/codeInsight/inspections/DelegationToVarPropertyInspection.kt,plugins/kotlin/code-insight/inspections-k2/tests/testData/inspectionsLocal/delegationToVarProperty,kotlin,plugins/kotlin/code-insight/inspections-k2/resources/intellij.kotlin.codeInsight.inspections.xml
DestructingShortFormNameMismatch,Declaration name mismatch in destructuring declaration,Probable bugs,:rules:kotlin:probable-bugs,in,WARNING,true,not-portable,needs the experimental language feature NameBasedDestructuring,,org.jetbrains.kotlin.idea.codeInsight.inspections.declarations.DestructingShortFormNameMismatchInspection,plugins/kotlin/code-insight/inspections-k2/src/org/jetbrains/kotlin/idea/codeInsight/inspections/declarations/DestructingShortFormNameMismatchInspection.kt,,kotlin,plugins/kotlin/code-insight/inspections-k2/resources/intellij.kotlin.codeInsight.inspections.xml
DuplicateArgumentsInSetOfAndMapOfFunctions,Duplicate arguments in 'setOf' and 'mapOf' functions,Probable bugs,:rules:kotlin:probable-bugs,in,WARNING,true,types,reads declaration symbols,ported: `DuplicateArgumentsInSetOfAndMapOfFunctions`,org.jetbrains.kotlin.idea.codeInsight.inspections.DuplicateArgumentsInSetOfAndMapOfFunctionsInspection,plugins/kotlin/code-insight/inspections-k2/src/org/jetbrains/kotlin/idea/codeInsight/inspections/DuplicateArgumentsInSetOfAndMapOfFunctionsInspection.kt,plugins/kotlin/idea/tests/testData/inspectionsLocal/duplicateArgumentsInSetOfAndMapOfFunctions,kotlin,plugins/kotlin/code-insight/inspections-k2/resources/intellij.kotlin.codeInsight.inspections.xml
EmptyRange,Range with start greater than endInclusive is empty,Probable bugs,:rules:kotlin:probable-bugs,in,WARNING,true,types,reads compiler diagnostics,ported: `EmptyRange`,org.jetbrains.kotlin.idea.codeInsight.inspections.diagnosticBased.EmptyRangeInspection,plugins/kotlin/code-insight/inspections-k2/src/org/jetbrains/kotlin/idea/codeInsight/inspections/diagnosticBased/EmptyRangeInspection.kt,plugins/kotlin/idea/tests/testData/inspectionsLocal/emptyRange,kotlin,plugins/kotlin/code-insight/inspections-k2/resources/intellij.kotlin.codeInsight.inspections.xml
EqualsOrHashCode,'equals()' and 'hashCode()' not paired,Probable bugs,:rules:kotlin:probable-bugs,in,WARNING,true,types,reads declaration symbols,covered: detekt `potential-bugs:EqualsWithHashCodeExist`,org.jetbrains.kotlin.idea.codeInsight.inspections.EqualsOrHashCodeInspection,plugins/kotlin/code-insight/inspections-k2/src/org/jetbrains/kotlin/idea/codeInsight/inspections/EqualsOrHashCodeInspection.kt,plugins/kotlin/idea/tests/testData/inspections/equalsAndHashCode;plugins/kotlin/idea/tests/testData/inspectionsLocal/equalsOrHashCode,kotlin,plugins/kotlin/code-insight/inspections-k2/resources/intellij.kotlin.codeInsight.inspections.xml
EscapingCapturedVariable,Escaped captured variable,Probable bugs,:rules:kotlin:probable-bugs,in,WARNING,true,not-portable,needs the compiler flag ReportEscapingCapturedVariable,,org.jetbrains.kotlin.idea.codeInsight.inspections.diagnosticBased.EscapingCapturedVariableInspection,plugins/kotlin/code-insight/inspections-k2/src/org/jetbrains/kotlin/idea/codeInsight/inspections/diagnosticBased/EscapingCapturedVariableInspection.kt,plugins/kotlin/idea/tests/testData/inspections/escapedCapturedVariable,kotlin,plugins/kotlin/code-insight/inspections-k2/resources/intellij.kotlin.codeInsight.inspections.xml
Fastjson2MissingKotlinReflect,The kotlin-reflect library is required for fastjson2-kotlin,Probable bugs,:rules:kotlin:probable-bugs,in,WARNING,true,not-portable,resolves Java classes through the project,,org.jetbrains.kotlin.idea.codeInsight.inspections.libraries.Fastjson2MissingKotlinReflectInspection,plugins/kotlin/code-insight/inspections-k2/src/org/jetbrains/kotlin/idea/codeInsight/inspections/libraries/Fastjson2MissingKotlinReflectInspection.kt,,kotlin,plugins/kotlin/code-insight/inspections-k2/resources/intellij.kotlin.codeInsight.inspections.xml
FilterIsInstanceResultIsAlwaysEmpty,The result of 'filterIsInstance' call is always empty,Probable bugs,:rules:kotlin:probable-bugs,in,WARNING,true,types,resolves calls,ported: `FilterIsInstanceResultIsAlwaysEmpty`,org.jetbrains.kotlin.idea.codeInsight.inspections.FilterIsInstanceResultIsAlwaysEmptyInspection,plugins/kotlin/code-insight/inspections-k2/src/org/jetbrains/kotlin/idea/codeInsight/inspections/FilterIsInstanceResultIsAlwaysEmptyInspection.kt,plugins/kotlin/idea/tests/testData/inspectionsLocal/filterIsInstanceAlwaysEmpty,kotlin,plugins/kotlin/code-insight/inspections-k2/resources/intellij.kotlin.codeInsight.inspections.xml
ForEachParameterNotUsed,Iterated elements are not used in forEach,Probable bugs,:rules:kotlin:probable-bugs,in,WEAK WARNING,true,types,reads expression types,ported: `ForEachParameterNotUsed`,org.jetbrains.kotlin.idea.codeInsight.inspections.ForEachParameterNotUsedInspection,plugins/kotlin/code-insight/inspections-k2/src/org/jetbrains/kotlin/idea/codeInsight/inspections/ForEachParameterNotUsedInspection.kt,plugins/kotlin/code-insight/inspections-k2/tests/testData/inspections/forEachParameterNotUsed;plugins/kotlin/code-insight/inspections-k2/tests/testData/inspectionsLocal/forEachParameterNotUsed,kotlin,plugins/kotlin/code-insight/inspections-k2/resources/intellij.kotlin.codeInsight.inspections.xml
ImplicitNullableNothingType,Implicit 'Nothing?' type,Probable bugs,:rules:kotlin:probable-bugs,in,WEAK WARNING,true,types,reads declaration types,ported: `ImplicitNullableNothingType`,org.jetbrains.kotlin.idea.codeInsight.inspections.ImplicitNullableNothingTypeInspection,plugins/kotlin/code-insight/inspections-k2/src/org/jetbrains/kotlin/idea/codeInsight/inspections/ImplicitNullableNothingTypeInspection.kt,plugins/kotlin/code-insight/inspections-k2/tests/testData/inspectionsLocal/implicitNullableNothingType,kotlin,plugins/kotlin/code-insight/inspections-k2/resources/intellij.kotlin.codeInsight.inspections.xml
IncompleteDestructuring,Incomplete destructuring declaration,Probable bugs,:rules:kotlin:probable-bugs,in,INFORMATION,true,types,reads declaration types,ported: `IncompleteDestructuring`,org.jetbrains.kotlin.idea.codeInsight.inspections.IncompleteDestructuringInspection,plugins/kotlin/code-insight/inspections-k2/src/org/jetbrains/kotlin/idea/codeInsight/inspections/IncompleteDestructuringInspection.kt,plugins/kotlin/idea/tests/testData/inspectionsLocal/incompleteDestructuringInspection,kotlin,plugins/kotlin/code-insight/inspections-k2/resources/intellij.kotlin.codeInsight.inspections.xml
JavaIoSerializableObjectMustHaveReadResolve,Serializable object must implement 'readResolve',Probable bugs,:rules:kotlin:probable-bugs,in,WARNING,true,types,reads declaration types,ported: `JavaIoSerializableObjectMustHaveReadResolve`,org.jetbrains.kotlin.idea.codeInsight.inspections.JavaIoSerializableObjectMustHaveReadResolveInspection,plugins/kotlin/code-insight/inspections-k2/src/org/jetbrains/kotlin/idea/codeInsight/inspections/JavaIoSerializableObjectMustHaveReadResolveInspection.kt,plugins/kotlin/code-insight/inspections-k2/tests/testData/inspectionsLocal/javaIoSerializableObjectMustHaveReadResolve,kotlin,plugins/kotlin/code-insight/inspections-k2/resources/intellij.kotlin.codeInsight.inspections.xml
KDocUnresolvedReference,Unresolved link in KDoc,Probable bugs,:rules:kotlin:probable-bugs,in,WARNING,true,not-portable,the KDoc resolver of the Analysis API fails in detekt 2.0.0-alpha.6 (NoSuchMethodError in RegistryValue),,org.jetbrains.kotlin.idea.codeInsight.inspections.kdoc.KDocUnresolvedReferenceInspection,plugins/kotlin/code-insight/inspections-k2/src/org/jetbrains/kotlin/idea/codeInsight/inspections/kdoc/KDocUnresolvedReferenceInspection.kt,,kotlin,plugins/kotlin/code-insight/inspections-k2/resources/intellij.kotlin.codeInsight.inspections.xml
KotlinArrayHashCode,'hashCode()' called on array,Probable bugs,:rules:kotlin:probable-bugs,in,WARNING,true,types,resolves calls,ported: `KotlinArrayHashCode`,org.jetbrains.kotlin.idea.codeInsight.inspections.KotlinArrayHashCodeInspection,plugins/kotlin/code-insight/inspections-k2/src/org/jetbrains/kotlin/idea/codeInsight/inspections/KotlinArrayHashCodeInspection.kt,plugins/kotlin/idea/tests/testData/inspectionsLocal/arrayHashCode,kotlin,plugins/kotlin/code-insight/inspections-k2/resources/intellij.kotlin.codeInsight.inspections.xml
KotlinArrayToString,'toString()' called on array,Probable bugs,:rules:kotlin:probable-bugs,in,WARNING,true,types,resolves calls,ported: `KotlinArrayToString`,org.jetbrains.kotlin.idea.codeInsight.inspections.KotlinArrayToStringInspection,plugins/kotlin/code-insight/inspections-k2/src/org/jetbrains/kotlin/idea/codeInsight/inspections/KotlinArrayToStringInspection.kt,plugins/kotlin/idea/tests/testData/inspectionsLocal/arrayToString,kotlin,plugins/kotlin/code-insight/inspections-k2/resources/intellij.kotlin.codeInsight.inspections.xml
KotlinConstantConditions,Constant conditions,Probable bugs,:rules:kotlin:probable-bugs,in,WARNING,true,not-portable,needs the data flow analysis engine of IntelliJ,,org.jetbrains.kotlin.idea.codeInsight.inspections.dfa.KotlinConstantConditionsInspection,plugins/kotlin/code-insight/inspections-k2/src/org/jetbrains/kotlin/idea/codeInsight/inspections/dfa/KotlinConstantConditionsInspection.kt,,kotlin,plugins/kotlin/code-insight/inspections-k2/resources/intellij.kotlin.codeInsight.inspections.xml
KotlinCovariantEquals,Covariant 'equals()',Probable bugs,:rules:kotlin:probable-bugs,in,WARNING,true,types,reads declaration types,covered: detekt `potential-bugs:WrongEqualsTypeParameter`,org.jetbrains.kotlin.idea.codeInsight.inspections.KotlinCovariantEqualsInspection,plugins/kotlin/code-insight/inspections-k2/src/org/jetbrains/kotlin/idea/codeInsight/inspections/KotlinCovariantEqualsInspection.kt,plugins/kotlin/idea/tests/testData/inspectionsLocal/covariantEquals,kotlin,plugins/kotlin/code-insight/inspections-k2/resources/intellij.kotlin.codeInsight.inspections.xml
KotlinEqualsBetweenInconvertibleTypes,'equals()' between objects of inconvertible types,Probable bugs,:rules:kotlin:probable-bugs,in,WARNING,true,types,reads expression types,ported: `KotlinEqualsBetweenInconvertibleTypes`,org.jetbrains.kotlin.idea.codeInsight.inspections.KotlinEqualsBetweenInconvertibleTypesInspection,plugins/kotlin/code-insight/inspections-k2/src/org/jetbrains/kotlin/idea/codeInsight/inspections/KotlinEqualsBetweenInconvertibleTypesInspection.kt,plugins/kotlin/idea/tests/testData/inspectionsLocal/equalsBetweenInconvertibleTypes,kotlin,plugins/kotlin/code-insight/inspections-k2/resources/intellij.kotlin.codeInsight.inspections.xml
KotlinMisorderedAssertEqualsArguments,Misordered 'assertEquals()' arguments,Probable bugs,:rules:kotlin:probable-bugs,in,WARNING,true,types,resolves calls,ported: `KotlinMisorderedAssertEqualsArguments`,org.jetbrains.kotlin.idea.codeInsight.inspections.KotlinMisorderedAssertEqualsArgumentsInspection,plugins/kotlin/code-insight/inspections-k2/src/org/jetbrains/kotlin/idea/codeInsight/inspections/KotlinMisorderedAssertEqualsArgumentsInspection.kt,plugins/kotlin/idea/tests/testData/inspectionsLocal/misorderedAssertEqualsArguments,kotlin,plugins/kotlin/code-insight/inspections-k2/resources/intellij.kotlin.codeInsight.inspections.xml
KotlinScriptTemplateNotRegistered,Kotlin script definition is not set up,Probable bugs,:rules:kotlin:probable-bugs,in,WARNING,true,not-portable,reads the module structure,,org.jetbrains.kotlin.idea.core.script.inspections.KotlinScriptTemplateNotRegisteredInspection,plugins/kotlin/base/scripting/scripting/src/org/jetbrains/kotlin/idea/core/script/inspections/KotlinScriptTemplateNotRegisteredInspection.kt,,kotlin,plugins/kotlin/base/scripting/scripting/resources/intellij.kotlin.base.scripting.xml
KotlinThrowableNotThrown,Throwable not thrown,Probable bugs,:rules:kotlin:probable-bugs,in,WARNING,true,types,searches references of a local property only,ported: `KotlinThrowableNotThrown`,org.jetbrains.kotlin.idea.codeInsight.inspections.KotlinThrowableNotThrownInspection,plugins/kotlin/code-insight/inspections-k2/src/org/jetbrains/kotlin/idea/codeInsight/inspections/KotlinThrowableNotThrownInspection.kt,plugins/kotlin/code-insight/inspections-k2/tests/testData/inspectionsLocal/throwableNotThrown,kotlin,plugins/kotlin/code-insight/inspections-k2/resources/intellij.kotlin.codeInsight.inspections.xml
KotlinUnreachableCode,Unreachable code,Probable bugs,:rules:kotlin:probable-bugs,in,WARNING,true,types,reports a compiler diagnostic,covered: detekt `potential-bugs:UnreachableCode`,org.jetbrains.kotlin.idea.codeInsight.inspections.diagnosticBased.KotlinUnreachableCodeInspection,plugins/kotlin/code-insight/inspections-k2/src/org/jetbrains/kotlin/idea/codeInsight/inspections/diagnosticBased/KotlinUnreachableCodeInspection.kt,plugins/kotlin/idea/tests/testData/inspectionsLocal/kotlinUnreachableCode,kotlin,plugins/kotlin/code-insight/inspections-k2/resources/intellij.kotlin.codeInsight.inspections.xml
LateinitVarOverridesLateinitVar,'lateinit var' property overrides 'lateinit var' property,Probable bugs,:rules:kotlin:probable-bugs,in,WARNING,true,types,reads declaration symbols,ported: `LateinitVarOverridesLateinitVar`,org.jetbrains.kotlin.idea.codeInsight.inspections.LateinitVarOverridesLateinitVarInspection,plugins/kotlin/code-insight/inspections-k2/src/org/jetbrains/kotlin/idea/codeInsight/inspections/LateinitVarOverridesLateinitVarInspection.kt,plugins/kotlin/idea/tests/testData/inspectionsLocal/lateinitVarOverridesLateinitVar,kotlin,plugins/kotlin/code-insight/inspections-k2/resources/intellij.kotlin.codeInsight.inspections.xml
LazyWithoutDelegation,'lazy' can be used with delegation,Probable bugs,:rules:kotlin:probable-bugs,in,WEAK WARNING,true,types,reads declaration symbols,ported: `LazyWithoutDelegation`,org.jetbrains.kotlin.idea.codeInsight.inspections.LazyWithoutDelegationInspection,plugins/kotlin/code-insight/inspections-k2/src/org/jetbrains/kotlin/idea/codeInsight/inspections/LazyWithoutDelegationInspection.kt,plugins/kotlin/code-insight/inspections-k2/tests/testData/inspectionsLocal/lazyWithoutDelegation,kotlin,plugins/kotlin/code-insight/inspections-k2/resources/intellij.kotlin.codeInsight.inspections.xml
MainFunctionReturnUnit,Main function should return 'Unit',Probable bugs,:rules:kotlin:probable-bugs,in,WARNING,true,types,reads declaration types,ported: `MainFunctionReturnUnit`,org.jetbrains.kotlin.idea.codeInsight.inspections.declarations.MainFunctionReturnUnitInspection,plugins/kotlin/code-insight/inspections-k2/src/org/jetbrains/kotlin/idea/codeInsight/inspections/declarations/MainFunctionReturnUnitInspection.kt,plugins/kotlin/code-insight/inspections-k2/tests/testData/inspectionsLocal/mainFunctionReturnUnit/insideClass;plugins/kotlin/code-insight/inspections-k2/tests/testData/inspectionsLocal/mainFunctionReturnUnit/insideObject;plugins/kotlin/code-insight/inspections-k2/tests/testData/inspectionsLocal/mainFunctionReturnUnit/topLevel;plugins/kotlin/idea/tests/testData/inspectionsLocal/mainFunctionReturnUnit,kotlin,plugins/kotlin/code-insight/inspections-k2/resources/intellij.kotlin.codeInsight.inspections.xml
MainKtsAnnotationUsageInPlainKts,Using .main.kts annotation in plain .kts script,Probable bugs,:rules:kotlin:probable-bugs,in,WARNING,true,not-portable,needs the IDE script definitions to tell .main.kts from .kts files,,org.jetbrains.kotlin.idea.core.script.inspections.MainKtsAnnotationUsageInPlainKtsInspection,plugins/kotlin/base/scripting/scripting/src/org/jetbrains/kotlin/idea/core/script/inspections/MainKtsAnnotationUsageInPlainKtsInspection.kt,,kotlin,plugins/kotlin/base/scripting/scripting/resources/intellij.kotlin.base.scripting.xml
NonNullableBooleanPropertyInExternalInterface,External interface contains non-nullable boolean property,Probable bugs,:rules:kotlin:probable-bugs,in,WARNING,false,not-portable,applies only to Kotlin/JS; the detekt session is JVM,,org.jetbrains.kotlin.idea.codeInsight.inspections.js.NonNullableBooleanPropertyInExternalInterfaceInspection,plugins/kotlin/code-insight/inspections-k2/src/org/jetbrains/kotlin/idea/codeInsight/inspections/js/JavaScriptIrMigrationInspections.kt,plugins/kotlin/idea/tests/testData/inspectionsLocal/nonNullableBooleanPropertyInExternalInterface,kotlin,plugins/kotlin/code-insight/inspections-k2/resources/intellij.kotlin.codeInsight.inspections.xml
NonVarPropertyInExternalInterface,External interface contains val property,Probable bugs,:rules:kotlin:probable-bugs,in,WARNING,true,not-portable,applies only to Kotlin/JS; the detekt session is JVM,,org.jetbrains.kotlin.idea.codeInsight.inspections.js.NonVarPropertyInExternalInterfaceInspection,plugins/kotlin/code-insight/inspections-k2/src/org/jetbrains/kotlin/idea/codeInsight/inspections/js/JavaScriptIrMigrationInspections.kt,plugins/kotlin/idea/tests/testData/inspectionsLocal/nonVarPropertyInExternalInterface,kotlin,plugins/kotlin/code-insight/inspections-k2/resources/intellij.kotlin.codeInsight.inspections.xml
ObjectInheritsException,Exception should not be an object,Probable bugs,:rules:kotlin:probable-bugs,in,WARNING,true,not-portable,searches references in the project index,,org.jetbrains.kotlin.idea.codeInsight.inspections.ObjectInheritsExceptionInspection,plugins/kotlin/code-insight/inspections-k2/src/org/jetbrains/kotlin/idea/codeInsight/inspections/ObjectInheritsExceptionInspection.kt,plugins/kotlin/code-insight/inspections-k2/tests/testData/quickfix/objectInheritsException,kotlin,plugins/kotlin/code-insight/inspections-k2/resources/intellij.kotlin.codeInsight.inspections.xml
RecursiveEqualsCall,Recursive equals call,Probable bugs,:rules:kotlin:probable-bugs,in,WARNING,true,types,resolves calls,ported: `RecursiveEqualsCall`,org.jetbrains.kotlin.idea.codeInsight.inspections.RecursiveEqualsCallInspection,plugins/kotlin/code-insight/inspections-k2/src/org/jetbrains/kotlin/idea/codeInsight/inspections/RecursiveEqualsCallInspection.kt,plugins/kotlin/idea/tests/testData/inspectionsLocal/recursiveEqualsCall,kotlin,plugins/kotlin/code-insight/inspections-k2/resources/intellij.kotlin.codeInsight.inspections.xml
RecursivePropertyAccessor,Recursive property accessor,Probable bugs,:rules:kotlin:probable-bugs,in,WARNING,true,types,"calls `isInsidePropertyAccessorWithBackingField`, which uses the Analysis API",ported: `RecursivePropertyAccessor`,org.jetbrains.kotlin.idea.codeInsight.inspections.RecursivePropertyAccessorInspection,plugins/kotlin/code-insight/inspections-k2/src/org/jetbrains/kotlin/idea/codeInsight/inspections/RecursivePropertyAccessorInspection.kt,plugins/kotlin/code-insight/inspections-k2/tests/testData/inspections/recursivePropertyAccessor;plugins/kotlin/code-insight/inspections-k2/tests/testData/inspectionsLocal/recursivePropertyAccessor,kotlin,plugins/kotlin/code-insight/inspections-k2/resources/intellij.kotlin.codeInsight.inspections.xml
RedundantDestructuringRename,Redundant name-based destructuring rename,Probable bugs,:rules:kotlin:probable-bugs,in,WARNING,true,not-portable,needs the experimental language feature NameBasedDestructuring,,org.jetbrains.kotlin.idea.codeInsight.inspections.declarations.RedundantDestructuringRenameInspection,plugins/kotlin/code-insight/inspections-k2/src/org/jetbrains/kotlin/idea/codeInsight/inspections/declarations/RedundantDestructuringRenameInspection.kt,plugins/kotlin/code-insight/inspections-k2/tests/testData/inspectionsLocal/redundantDestructuringRename,kotlin,plugins/kotlin/code-insight/inspections-k2/resources/intellij.kotlin.codeInsight.inspections.xml
RedundantDestructuringUnderscore,Redundant underscore entry in name-based destructuring,Probable bugs,:rules:kotlin:probable-bugs,in,WARNING,true,not-portable,needs the experimental language feature NameBasedDestructuring,,org.jetbrains.kotlin.idea.codeInsight.inspections.declarations.RedundantDestructuringUnderscoreInspection,plugins/kotlin/code-insight/inspections-k2/src/org/jetbrains/kotlin/idea/codeInsight/inspections/declarations/RedundantDestructuringUnderscoreInspection.kt,plugins/kotlin/code-insight/inspections-k2/tests/testData/inspectionsLocal/redundantDestructuringUnderscore,kotlin,plugins/kotlin/code-insight/inspections-k2/resources/intellij.kotlin.codeInsight.inspections.xml
RedundantLabel,Redundant label,Probable bugs,:rules:kotlin:probable-bugs,in,WARNING,true,psi,uses only the PSI of one file,ported: `RedundantLabel`,org.jetbrains.kotlin.idea.codeInsight.inspections.RedundantLabelInspection,plugins/kotlin/code-insight/inspections-k2/src/org/jetbrains/kotlin/idea/codeInsight/inspections/RedundantLabelInspection.kt,plugins/kotlin/idea/tests/testData/inspectionsLocal/removeRedundantLabel,kotlin,plugins/kotlin/code-insight/inspections-k2/resources/intellij.kotlin.codeInsight.inspections.xml
SelfAssignment,Redundant assignment,Probable bugs,:rules:kotlin:probable-bugs,in,WARNING,true,types,resolves calls,ported: `SelfAssignment`,org.jetbrains.kotlin.idea.codeInsight.inspections.SelfAssignmentInspection,plugins/kotlin/code-insight/inspections-k2/src/org/jetbrains/kotlin/idea/codeInsight/inspections/SelfAssignmentInspection.kt,plugins/kotlin/idea/tests/testData/inspectionsLocal/selfAssignment,kotlin,plugins/kotlin/code-insight/inspections-k2/resources/intellij.kotlin.codeInsight.inspections.xml
SelfReferenceConstructorParameter,Constructor can never be complete,Probable bugs,:rules:kotlin:probable-bugs,in,WARNING,true,types,reads declaration symbols,ported: `SelfReferenceConstructorParameter`,org.jetbrains.kotlin.idea.codeInsight.inspections.SelfReferenceConstructorParameterInspection,plugins/kotlin/code-insight/inspections-k2/src/org/jetbrains/kotlin/idea/codeInsight/inspections/SelfReferenceConstructorParameterInspection.kt,plugins/kotlin/idea/tests/testData/inspectionsLocal/selfReferenceConstructorParameter,kotlin,plugins/kotlin/code-insight/inspections-k2/resources/intellij.kotlin.codeInsight.inspections.xml
SetterBackingFieldAssignment,Existing backing field without assignment,Probable bugs,:rules:kotlin:probable-bugs,in,WARNING,true,types,resolves calls,ported: `SetterBackingFieldAssignment`,org.jetbrains.kotlin.idea.codeInsight.inspections.SetterBackingFieldAssignmentInspection,plugins/kotlin/code-insight/inspections-k2/src/org/jetbrains/kotlin/idea/codeInsight/inspections/SetterBackingFieldAssignmentInspection.kt,plugins/kotlin/code-insight/inspections-k2/tests/testData/inspectionsLocal/setterBackingFieldAssignment,kotlin,plugins/kotlin/code-insight/inspections-k2/resources/intellij.kotlin.codeInsight.inspections.xml
StringReferentialEquality,String compared with referential equality,Probable bugs,:rules:kotlin:probable-bugs,in,WARNING,true,types,reads expression types,covered: detekt `potential-bugs:AvoidReferentialEquality`,org.jetbrains.kotlin.idea.codeInsight.inspections.StringReferentialEqualityInspection,plugins/kotlin/code-insight/inspections-k2/src/org/jetbrains/kotlin/idea/codeInsight/inspections/StringReferentialEqualityInspection.kt,plugins/kotlin/idea/tests/testData/inspectionsLocal/stringReferentialEquality,kotlin,plugins/kotlin/code-insight/inspections-k2/resources/intellij.kotlin.codeInsight.inspections.xml
SuspiciousCallOnCollectionToAddOrRemovePath,Suspicious call to add or remove Iterable argument,Probable bugs,:rules:kotlin:probable-bugs,in,WARNING,true,types,resolves calls,ported: `SuspiciousCallOnCollectionToAddOrRemovePath`,org.jetbrains.kotlin.idea.codeInsight.inspections.SuspiciousCallOnCollectionToAddOrRemovePathInspection,plugins/kotlin/code-insight/inspections-k2/src/org/jetbrains/kotlin/idea/codeInsight/inspections/SuspiciousCallOnCollectionToAddOrRemovePathInspection.kt,plugins/kotlin/idea/tests/testData/inspectionsLocal/suspiciousCallOnCollectionToAddOrRemovePath,kotlin,plugins/kotlin/code-insight/inspections-k2/resources/intellij.kotlin.codeInsight.inspections.xml
SuspiciousCascadingIf,Suspicious cascading 'if' expression,Probable bugs,:rules:kotlin:probable-bugs,in,WARNING,true,psi,uses only the PSI of one file,ported: `SuspiciousCascadingIf`,org.jetbrains.kotlin.idea.codeInsight.inspections.SuspiciousCascadingIfInspection,plugins/kotlin/code-insight/inspections-k2/src/org/jetbrains/kotlin/idea/codeInsight/inspections/SuspiciousCascadingIfInspection.kt,plugins/kotlin/idea/tests/testData/inspectionsLocal/suspiciousCascadingIf,kotlin,plugins/kotlin/code-insight/inspections-k2/resources/intellij.kotlin.codeInsight.inspections.xml
SuspiciousCollectionReassignment,Augmented assignment creates a new collection under the hood,Probable bugs,:rules:kotlin:probable-bugs,in,WEAK WARNING,true,types,reads compiler diagnostics,ported: `SuspiciousCollectionReassignment`,org.jetbrains.kotlin.idea.codeInsight.inspections.SuspiciousCollectionReassignmentInspection,plugins/kotlin/code-insight/inspections-k2/src/org/jetbrains/kotlin/idea/codeInsight/inspections/SuspiciousCollectionReassignmentInspection.kt,plugins/kotlin/idea/tests/testData/inspectionsLocal/suspiciousCollectionReassignment,kotlin,plugins/kotlin/code-insight/inspections-k2/resources/intellij.kotlin.codeInsight.inspections.xml
SuspiciousEqualsCombination,Suspicious combination of == and ===,Probable bugs,:rules:kotlin:probable-bugs,in,WEAK WARNING,true,psi,uses only the PSI of one file,ported: `SuspiciousEqualsCombination`,org.jetbrains.kotlin.idea.codeInsight.inspections.SuspiciousEqualsCombinationInspection,plugins/kotlin/code-insight/inspections-k2/src/org/jetbrains/kotlin/idea/codeInsight/inspections/SuspiciousEqualsCombinationInspection.kt,plugins/kotlin/code-insight/inspections-k2/tests/testData/inspections/suspiciousEqualsCombination,kotlin,plugins/kotlin/code-insight/inspections-k2/resources/intellij.kotlin.codeInsight.inspections.xml
SuspiciousGetterForMutableObject,Suspicious getter: it returns a new mutable object on each access,Probable bugs,:rules:kotlin:probable-bugs,in,WARNING,true,types,resolves calls,ported: `SuspiciousGetterForMutableObject`,org.jetbrains.kotlin.idea.codeInsight.inspections.declarations.SuspiciousGetterForMutableObjectInspection,plugins/kotlin/code-insight/inspections-k2/src/org/jetbrains/kotlin/idea/codeInsight/inspections/declarations/SuspiciousGetterForMutableObjectInspection.kt,plugins/kotlin/code-insight/inspections-k2/tests/testData/inspectionsLocal/suspiciousGetterForMutableObject,kotlin,plugins/kotlin/code-insight/inspections-k2/resources/intellij.kotlin.codeInsight.inspections.xml
SuspiciousJavaClassCallableReference,Suspicious '::javaClass' callable reference,Probable bugs,:rules:kotlin:probable-bugs,in,WARNING,true,types,resolves calls,ported: `SuspiciousJavaClassCallableReference`,org.jetbrains.kotlin.idea.codeInsight.inspections.SuspiciousJavaClassCallableReferenceInspection,plugins/kotlin/code-insight/inspections-k2/src/org/jetbrains/kotlin/idea/codeInsight/inspections/SuspiciousJavaClassCallableReferenceInspection.kt,plugins/kotlin/code-insight/inspections-k2/tests/testData/inspectionsLocal/suspiciousJavaClassCallableReference,kotlin,plugins/kotlin/code-insight/inspections-k2/resources/intellij.kotlin.codeInsight.inspections.xml
SuspiciousVarProperty,Suspicious 'var' property: its setter does not influence its getter result,Probable bugs,:rules:kotlin:probable-bugs,in,WARNING,true,types,resolves calls,ported: `SuspiciousVarProperty`,org.jetbrains.kotlin.idea.codeInsight.inspections.SuspiciousVarPropertyInspection,plugins/kotlin/code-insight/inspections-k2/src/org/jetbrains/kotlin/idea/codeInsight/inspections/SuspiciousVarPropertyInspection.kt,plugins/kotlin/code-insight/inspections-k2/tests/testData/inspectionsLocal/suspiciousVarProperty,kotlin,plugins/kotlin/code-insight/inspections-k2/resources/intellij.kotlin.codeInsight.inspections.xml
UnusedDataClassCopyResult,Unused result of data class copy,Probable bugs,:rules:kotlin:probable-bugs,in,WARNING,true,types,resolves calls,ported: `UnusedDataClassCopyResult`,org.jetbrains.kotlin.idea.codeInsight.inspections.UnusedDataClassCopyResultInspection,plugins/kotlin/code-insight/inspections-k2/src/org/jetbrains/kotlin/idea/codeInsight/inspections/UnusedDataClassCopyResultInspection.kt,plugins/kotlin/code-insight/inspections-k2/tests/testData/inspectionsLocal/unusedDataClassCopyResult,kotlin,plugins/kotlin/code-insight/inspections-k2/resources/intellij.kotlin.codeInsight.inspections.xml
UnusedEquals,Unused equals expression,Probable bugs,:rules:kotlin:probable-bugs,in,WARNING,true,types,resolves calls,ported: `UnusedEquals`,org.jetbrains.kotlin.idea.codeInsight.inspections.UnusedEqualsInspection,plugins/kotlin/code-insight/inspections-k2/src/org/jetbrains/kotlin/idea/codeInsight/inspections/UnusedEqualsInspection.kt,plugins/kotlin/idea/tests/testData/inspectionsLocal/unusedEquals,kotlin,plugins/kotlin/code-insight/inspections-k2/resources/intellij.kotlin.codeInsight.inspections.xml
UnusedExpression,Unused expression,Probable bugs,:rules:kotlin:probable-bugs,in,WARNING,true,types,reads compiler diagnostics,ported: `UnusedExpression`,org.jetbrains.kotlin.idea.codeInsight.inspections.diagnosticBased.UnusedExpressionInspection,plugins/kotlin/code-insight/inspections-k2/src/org/jetbrains/kotlin/idea/codeInsight/inspections/diagnosticBased/UnusedExpressionInspection.kt,,kotlin,plugins/kotlin/code-insight/inspections-k2/resources/intellij.kotlin.codeInsight.inspections.xml
UnusedLambdaExpression,Unused lambda expression,Probable bugs,:rules:kotlin:probable-bugs,in,WARNING,true,types,uses the Analysis API (`KaFirDiagnostic`),ported: `UnusedLambdaExpression`,org.jetbrains.kotlin.idea.codeInsight.inspections.diagnosticBased.UnusedLambdaExpressionInspection,plugins/kotlin/code-insight/inspections-k2/src/org/jetbrains/kotlin/idea/codeInsight/inspections/diagnosticBased/UnusedLambdaExpressionInspection.kt,,kotlin,plugins/kotlin/code-insight/inspections-k2/resources/intellij.kotlin.codeInsight.inspections.xml
UnusedLambdaExpressionBody,Unused return value of a function with lambda expression body,Probable bugs,:rules:kotlin:probable-bugs,in,WARNING,true,types,resolves calls,ported: `UnusedLambdaExpressionBody`,org.jetbrains.kotlin.idea.codeInsight.inspections.UnusedLambdaExpressionBodyInspection,plugins/kotlin/code-insight/inspections-k2/src/org/jetbrains/kotlin/idea/codeInsight/inspections/UnusedLambdaExpressionBodyInspection.kt,plugins/kotlin/idea/tests/testData/inspections/unusedLambdaExpressionBody;plugins/kotlin/idea/tests/testData/inspectionsLocal/unusedLambdaExpressionBody,kotlin,plugins/kotlin/code-insight/inspections-k2/resources/intellij.kotlin.codeInsight.inspections.xml
UnusedUnaryOperator,Unused unary operator,Probable bugs,:rules:kotlin:probable-bugs,in,WARNING,true,types,resolves calls,covered: detekt `potential-bugs:UnusedUnaryOperator`,org.jetbrains.kotlin.idea.codeInsight.inspections.UnusedUnaryOperatorInspection,plugins/kotlin/code-insight/inspections-k2/src/org/jetbrains/kotlin/idea/codeInsight/inspections/UnusedUnaryOperatorInspection.kt,plugins/kotlin/idea/tests/testData/inspectionsLocal/unusedUnaryOperator,kotlin,plugins/kotlin/code-insight/inspections-k2/resources/intellij.kotlin.codeInsight.inspections.xml
UselessCallOnCollection,Redundant call on collection type,Probable bugs,:rules:kotlin:probable-bugs,in,WARNING,true,types,resolves calls,ported: `UselessCallOnCollection`,org.jetbrains.kotlin.idea.codeInsight.inspections.collections.UselessCallOnCollectionInspection,plugins/kotlin/code-insight/inspections-k2/src/org/jetbrains/kotlin/idea/codeInsight/inspections/collections/UselessCallOnCollectionInspection.kt,plugins/kotlin/code-insight/inspections-k2/tests/testData/inspectionsLocal/uselessCallOnCollection,kotlin,plugins/kotlin/code-insight/inspections-k2/resources/intellij.kotlin.codeInsight.inspections.xml
UselessCallOnNotNull,Redundant call on not-null type,Probable bugs,:rules:kotlin:probable-bugs,in,WARNING,true,types,matches resolved callables,covered: detekt `style:UselessCallOnNotNull`,org.jetbrains.kotlin.idea.codeInsight.inspections.collections.UselessCallOnNotNullInspection,plugins/kotlin/code-insight/inspections-k2/src/org/jetbrains/kotlin/idea/codeInsight/inspections/collections/UselessCallOnNotNullInspection.kt,plugins/kotlin/code-insight/inspections-k2/tests/testData/inspectionsLocal/uselessCallOnNotNull,kotlin,plugins/kotlin/code-insight/inspections-k2/resources/intellij.kotlin.codeInsight.inspections.xml
VariableNeverRead,Variable is never read,Probable bugs,:rules:kotlin:probable-bugs,in,WARNING,true,types,reads compiler diagnostics,ported: `VariableNeverRead`,org.jetbrains.kotlin.idea.codeInsight.inspections.diagnosticBased.VariableNeverReadInspection,plugins/kotlin/code-insight/inspections-k2/src/org/jetbrains/kotlin/idea/codeInsight/inspections/diagnosticBased/VariableNeverReadInspection.kt,,kotlin,plugins/kotlin/code-insight/inspections-k2/resources/intellij.kotlin.codeInsight.inspections.xml
WrapUnaryOperator,Ambiguous unary operator use with number constant,Probable bugs,:rules:kotlin:probable-bugs,in,WEAK WARNING,true,psi,uses only the PSI of one file,ported: `WrapUnaryOperator`,org.jetbrains.kotlin.idea.codeInsight.inspections.WrapUnaryOperatorInspection,plugins/kotlin/code-insight/inspections-k2/src/org/jetbrains/kotlin/idea/codeInsight/inspections/WrapUnaryOperatorInspection.kt,plugins/kotlin/code-insight/inspections-k2/tests/testData/inspections/wrapUnaryOperator;plugins/kotlin/code-insight/inspections-k2/tests/testData/inspectionsLocal/wrapUnaryOperator,kotlin,plugins/kotlin/code-insight/inspections-k2/resources/intellij.kotlin.codeInsight.inspections.xml
CanBeParameter,Constructor parameter is never used as a property,Redundant constructs,:rules:kotlin:redundant-constructs,in,WARNING,true,types,searches references inside the class,ported: `CanBeParameter`,org.jetbrains.kotlin.idea.codeInsight.inspections.CanBeParameterInspection,plugins/kotlin/code-insight/inspections-k2/src/org/jetbrains/kotlin/idea/codeInsight/inspections/CanBeParameterInspection.kt,plugins/kotlin/idea/tests/testData/inspectionsLocal/canBeParameter,kotlin,plugins/kotlin/code-insight/inspections-k2/resources/intellij.kotlin.codeInsight.inspections.xml
CanBePrimaryConstructorProperty,Property is explicitly assigned to constructor parameter,Redundant constructs,:rules:kotlin:redundant-constructs,in,WARNING,true,types,resolves calls,ported: `CanBePrimaryConstructorProperty`,org.jetbrains.kotlin.idea.codeInsight.inspections.CanBePrimaryConstructorPropertyInspection,plugins/kotlin/code-insight/inspections-k2/src/org/jetbrains/kotlin/idea/codeInsight/inspections/CanBePrimaryConstructorPropertyInspection.kt,plugins/kotlin/code-insight/inspections-k2/tests/testData/inspectionsLocal/canBePrimaryConstructorProperty,kotlin,plugins/kotlin/code-insight/inspections-k2/resources/intellij.kotlin.codeInsight.inspections.xml
CanUnescapeDollarLiteral,Redundant escaped dollar characters in string literals,Redundant constructs,:rules:kotlin:redundant-constructs,in,WEAK WARNING,true,types,reads the language version of the module,ported: `CanUnescapeDollarLiteral`,org.jetbrains.kotlin.idea.codeInsight.inspections.CanUnescapeDollarLiteralInspection,plugins/kotlin/code-insight/inspections-k2/src/org/jetbrains/kotlin/idea/codeInsight/inspections/CanUnescapeDollarLiteralInspection.kt,plugins/kotlin/idea/tests/testData/inspectionsLocal/canSimplifyDollarLiteral,kotlin,plugins/kotlin/code-insight/inspections-k2/resources/intellij.kotlin.codeInsight.inspections.xml
ComplexRedundantLet,Redundant argument-based 'let' call,Redundant constructs,:rules:kotlin:redundant-constructs,in,WEAK WARNING,true,types,matches resolved callables,covered: detekt `style:UnnecessaryLet`,org.jetbrains.kotlin.idea.codeInsight.inspections.ComplexRedundantLetInspection,plugins/kotlin/code-insight/inspections-k2/src/org/jetbrains/kotlin/idea/codeInsight/inspections/RedundantLetInspection.kt,plugins/kotlin/code-insight/inspections-k2/tests/testData/inspectionsLocal/complexRedundantLet,kotlin,plugins/kotlin/code-insight/inspections-k2/resources/intellij.kotlin.codeInsight.inspections.xml
ConstantConditionIf,Condition of 'if' expression is constant,Redundant constructs,:rules:kotlin:redundant-constructs,in,WEAK WARNING,true,types,evaluates constant conditions,ported: `ConstantConditionIf`,org.jetbrains.kotlin.idea.codeInsight.inspections.ConstantConditionIfInspection,plugins/kotlin/code-insight/inspections-k2/src/org/jetbrains/kotlin/idea/codeInsight/inspections/ConstantConditionIfInspection.kt,plugins/kotlin/code-insight/inspections-k2/tests/testData/inspections/constantConditionIf;plugins/kotlin/code-insight/inspections-k2/tests/testData/inspectionsLocal/constantConditionIf,kotlin,plugins/kotlin/code-insight/inspections-k2/resources/intellij.kotlin.codeInsight.inspections.xml
ControlFlowWithEmptyBody,Control flow with empty body,Redundant constructs,:rules:kotlin:redundant-constructs,in,WARNING,true,types,matches resolved callables,"covered: detekt `empty-blocks:EmptyIfBlock`, `EmptyElseBlock`, `EmptyForBlock`, `EmptyWhileBlock`, `EmptyDoWhileBlock`, `EmptyWhenBlock`",org.jetbrains.kotlin.idea.codeInsight.inspections.ControlFlowWithEmptyBodyInspection,plugins/kotlin/code-insight/inspections-k2/src/org/jetbrains/kotlin/idea/codeInsight/inspections/ControlFlowWithEmptyBodyInspection.kt,plugins/kotlin/code-insight/inspections-k2/tests/testData/inspectionsLocal/controlFlowWithEmptyBody,kotlin,plugins/kotlin/code-insight/inspections-k2/resources/intellij.kotlin.codeInsight.inspections.xml
ExplicitThis,Redundant explicit 'this',Redundant constructs,:rules:kotlin:redundant-constructs,in,INFORMATION,true,types,uses the Analysis API (`analyze(`),ported: `ExplicitThis`,org.jetbrains.kotlin.idea.codeInsight.inspections.expressions.ExplicitThisInspection,plugins/kotlin/code-insight/inspections-k2/src/org/jetbrains/kotlin/idea/codeInsight/inspections/expressions/ExplicitThisInspection.kt,plugins/kotlin/idea/tests/testData/inspectionsLocal/explicitThis,kotlin,plugins/kotlin/code-insight/inspections-k2/resources/intellij.kotlin.codeInsight.inspections.xml
FunctionWithLambdaExpressionBody,Function with '= { ... }' and inferred return type,Redundant constructs,:rules:kotlin:redundant-constructs,in,WARNING,true,not-portable,searches references in the project index,,org.jetbrains.kotlin.idea.codeInsight.inspections.FunctionWithLambdaExpressionBodyInspection,plugins/kotlin/code-insight/inspections-k2/src/org/jetbrains/kotlin/idea/codeInsight/inspections/FunctionWithLambdaExpressionBodyInspection.kt,plugins/kotlin/idea/tests/testData/inspectionsLocal/functionWithLambdaExpressionBody,kotlin,plugins/kotlin/code-insight/inspections-k2/resources/intellij.kotlin.codeInsight.inspections.xml
IfExpressionWithIdenticalBranches,'if' expression with identical branches,Redundant constructs,:rules:kotlin:redundant-constructs,in,WEAK WARNING,true,types,resolves calls,ported: `IfExpressionWithIdenticalBranches`,org.jetbrains.kotlin.idea.codeInsight.inspections.IfExpressionWithIdenticalBranchesInspection,plugins/kotlin/code-insight/inspections-k2/src/org/jetbrains/kotlin/idea/codeInsight/inspections/IfExpressionWithIdenticalBranchesInspection.kt,plugins/kotlin/idea/tests/testData/inspectionsLocal/ifExpressionWithIdenticalBranches,kotlin,plugins/kotlin/code-insight/inspections-k2/resources/intellij.kotlin.codeInsight.inspections.xml
KotlinDoubleNegation,Redundant double negation,Redundant constructs,:rules:kotlin:redundant-constructs,in,WEAK WARNING,true,types,reads expression types,covered: detekt `style:DoubleNegativeExpression`,org.jetbrains.kotlin.idea.codeInsight.inspections.expressions.KotlinDoubleNegationInspection,plugins/kotlin/code-insight/inspections-k2/src/org/jetbrains/kotlin/idea/codeInsight/inspections/expressions/KotlinDoubleNegationInspection.kt,plugins/kotlin/idea/tests/testData/inspectionsLocal/doubleNegation,kotlin,plugins/kotlin/code-insight/inspections-k2/resources/intellij.kotlin.codeInsight.inspections.xml
KotlinRedundantOverride,Redundant overriding method,Redundant constructs,:rules:kotlin:redundant-constructs,in,WEAK WARNING,true,types,reads declaration types,ported: `KotlinRedundantOverride`,org.jetbrains.kotlin.idea.codeInsight.inspections.KotlinRedundantOverrideInspection,plugins/kotlin/code-insight/inspections-k2/src/org/jetbrains/kotlin/idea/codeInsight/inspections/KotlinRedundantOverrideInspection.kt,plugins/kotlin/code-insight/inspections-k2/tests/testData/inspectionsLocal/redundantOverride,kotlin,plugins/kotlin/code-insight/inspections-k2/resources/intellij.kotlin.codeInsight.inspections.xml
KotlinUnusedImport,Unused import directive,Redundant constructs,:rules:kotlin:redundant-constructs,in,WARNING,true,types,resolves the references of the file,"covered: detekt `style:UnusedImport`, ktlint `NoUnusedImports`",org.jetbrains.kotlin.idea.codeInsight.inspections.KotlinUnusedImportInspection,plugins/kotlin/code-insight/inspections-k2/src/org/jetbrains/kotlin/idea/codeInsight/inspections/KotlinUnusedImportInspection.kt,plugins/kotlin/code-insight/inspections-k2/tests/testData/inspections/unusedImport/assignmentOperator;plugins/kotlin/code-insight/inspections-k2/tests/testData/inspections/unusedImport/basic;plugins/kotlin/code-insight/inspections-k2/tests/testData/inspections/unusedImport/contextSensitiveResolution;plugins/kotlin/code-insight/inspections-k2/tests/testData/inspections/unusedImport/contextSensitiveResolutionDisabled;plugins/kotlin/code-insight/inspections-k2/tests/testData/quickfix/unusedImport,kotlin,plugins/kotlin/code-insight/inspections-k2/resources/intellij.kotlin.codeInsight.inspections.xml
NullChecksToSafeCall,Null-checks can be replaced with safe-calls,Redundant constructs,:rules:kotlin:redundant-constructs,in,WEAK WARNING,true,types,resolves calls,ported: `NullChecksToSafeCall`,org.jetbrains.kotlin.idea.codeInsight.inspections.NullChecksToSafeCallInspection,plugins/kotlin/code-insight/inspections-k2/src/org/jetbrains/kotlin/idea/codeInsight/inspections/NullChecksToSafeCallInspection.kt,plugins/kotlin/idea/tests/testData/inspectionsLocal/nullChecksToSafeCall,kotlin,plugins/kotlin/code-insight/inspections-k2/resources/intellij.kotlin.codeInsight.inspections.xml
RedundantCompanionReference,Redundant 'Companion' reference,Redundant constructs,:rules:kotlin:redundant-constructs,in,WARNING,true,types,"calls `isRedundantCompanionReference`, which uses the Analysis API",ported: `RedundantCompanionReference`,org.jetbrains.kotlin.idea.codeInsight.inspections.RedundantCompanionReferenceInspection,plugins/kotlin/code-insight/inspections-k2/src/org/jetbrains/kotlin/idea/codeInsight/inspections/RedundantCompanionReferenceInspection.kt,plugins/kotlin/idea/tests/testData/inspectionsLocal/redundantCompanionReference,kotlin,plugins/kotlin/code-insight/inspections-k2/resources/intellij.kotlin.codeInsight.inspections.xml
RedundantConstructorKeyword,Redundant 'constructor' keyword,Redundant constructs,:rules:kotlin:redundant-constructs,in,WEAK WARNING,true,psi,uses only the PSI of one file,covered: detekt `style:RedundantConstructorKeyword`,org.jetbrains.kotlin.idea.codeInsight.inspections.RedundantConstructorKeywordInspection,plugins/kotlin/code-insight/inspections-k2/src/org/jetbrains/kotlin/idea/codeInsight/inspections/RedundantConstructorKeywordInspection.kt,plugins/kotlin/code-insight/inspections-k2/tests/testData/inspectionsLocal/redundantConstructorKeyword,kotlin,plugins/kotlin/code-insight/inspections-k2/resources/intellij.kotlin.codeInsight.inspections.xml
RedundantContextSensitiveResolutionQualifier,Redundant qualifier removable via context-sensitive resolution,Redundant constructs,:rules:kotlin:redundant-constructs,in,WEAK WARNING,false,not-portable,"needs the language feature ContextSensitiveResolutionUsingExpectedType, which is off by default",,org.jetbrains.kotlin.idea.codeInsight.inspections.RedundantContextSensitiveResolutionQualifierInspection,plugins/kotlin/code-insight/inspections-k2/src/org/jetbrains/kotlin/idea/codeInsight/inspections/RedundantContextSensitiveResolutionQualifierInspection.kt,plugins/kotlin/code-insight/inspections-k2/tests/testData/inspectionsLocal/redundantContextSensitiveResolutionQualifier,kotlin,plugins/kotlin/code-insight/inspections-k2/resources/intellij.kotlin.codeInsight.inspections.xml
RedundantElvisReturnNull,Redundant '?: return null',Redundant constructs,:rules:kotlin:redundant-constructs,in,WARNING,true,types,resolves calls,ported: `RedundantElvisReturnNull`,org.jetbrains.kotlin.idea.codeInsight.inspections.RedundantElvisReturnNullInspection,plugins/kotlin/code-insight/inspections-k2/src/org/jetbrains/kotlin/idea/codeInsight/inspections/RedundantElvisReturnNullInspection.kt,plugins/kotlin/idea/tests/testData/inspectionsLocal/redundantElvisReturnNull,kotlin,plugins/kotlin/code-insight/inspections-k2/resources/intellij.kotlin.codeInsight.inspections.xml
RedundantEmptyInitializerBlock,Redundant empty initializer block,Redundant constructs,:rules:kotlin:redundant-constructs,in,WEAK WARNING,true,psi,uses only the PSI of one file,covered: detekt `empty-blocks:EmptyInitBlock`,org.jetbrains.kotlin.idea.codeInsight.inspections.RedundantEmptyInitializerBlockInspection,plugins/kotlin/code-insight/inspections-k2/src/org/jetbrains/kotlin/idea/codeInsight/inspections/RedundantEmptyInitializerBlockInspection.kt,plugins/kotlin/code-insight/inspections-k2/tests/testData/inspectionsLocal/redundantEmptyInitializerBlock,kotlin,plugins/kotlin/code-insight/inspections-k2/resources/intellij.kotlin.codeInsight.inspections.xml
RedundantEnumConstructorInvocation,Redundant enum constructor invocation,Redundant constructs,:rules:kotlin:redundant-constructs,in,WEAK WARNING,true,types,reads compiler diagnostics,ported: `RedundantEnumConstructorInvocation`,org.jetbrains.kotlin.idea.codeInsight.inspections.RedundantEnumConstructorInvocationInspection,plugins/kotlin/code-insight/inspections-k2/src/org/jetbrains/kotlin/idea/codeInsight/inspections/RedundantEnumConstructorInvocationInspection.kt,plugins/kotlin/idea/tests/testData/inspectionsLocal/redundantEnumConstructorInvocation,kotlin,plugins/kotlin/code-insight/inspections-k2/resources/intellij.kotlin.codeInsight.inspections.xml
RedundantExplicitType,Obvious explicit type,Redundant constructs,:rules:kotlin:redundant-constructs,in,WARNING,true,types,reads expression types,covered: detekt `style:RedundantExplicitType`,org.jetbrains.kotlin.idea.codeInsight.inspections.RedundantExplicitTypeInspection,plugins/kotlin/code-insight/inspections-k2/src/org/jetbrains/kotlin/idea/codeInsight/inspections/RedundantExplicitTypeInspection.kt,plugins/kotlin/idea/tests/testData/inspectionsLocal/redundantExplicitType,kotlin,plugins/kotlin/code-insight/inspections-k2/resources/intellij.kotlin.codeInsight.inspections.xml
RedundantGetter,Redundant property getter,Redundant constructs,:rules:kotlin:redundant-constructs,in,WEAK WARNING,true,psi,uses only the PSI of one file,ported: `RedundantGetter`,org.jetbrains.kotlin.idea.codeInsight.inspections.RedundantGetterInspection,plugins/kotlin/code-insight/inspections-k2/src/org/jetbrains/kotlin/idea/codeInsight/inspections/RedundantGetterInspection.kt,plugins/kotlin/code-insight/inspections-k2/tests/testData/inspectionsLocal/redundantGetter,kotlin,plugins/kotlin/code-insight/inspections-k2/resources/intellij.kotlin.codeInsight.inspections.xml
RedundantIf,Redundant 'if' statement,Redundant constructs,:rules:kotlin:redundant-constructs,in,WEAK WARNING,true,types,reads expression types,ported: `RedundantIf`,org.jetbrains.kotlin.idea.codeInsight.inspections.RedundantIfInspection,plugins/kotlin/code-insight/inspections-k2/src/org/jetbrains/kotlin/idea/codeInsight/inspections/RedundantIfInspection.kt,plugins/kotlin/idea/tests/testData/inspections/redundantIf;plugins/kotlin/idea/tests/testData/inspectionsLocal/redundantIf,kotlin,plugins/kotlin/code-insight/inspections-k2/resources/intellij.kotlin.codeInsight.inspections.xml
RedundantInnerClassModifier,Redundant 'inner' modifier,Redundant constructs,:rules:kotlin:redundant-constructs,in,WARNING,true,not-portable,searches references in the project index,,org.jetbrains.kotlin.idea.codeInsight.inspections.RedundantInnerClassModifierInspection,plugins/kotlin/code-insight/inspections-k2/src/org/jetbrains/kotlin/idea/codeInsight/inspections/RedundantInnerClassModifierInspection.kt,plugins/kotlin/idea/tests/testData/inspectionsLocal/redundantInnerClassModifier,kotlin,plugins/kotlin/code-insight/inspections-k2/resources/intellij.kotlin.codeInsight.inspections.xml
RedundantInterpolationPrefix,Redundant interpolation prefix,Redundant constructs,:rules:kotlin:redundant-constructs,in,WEAK WARNING,true,types,uses the Analysis API (`KaFirDiagnostic`),ported: `RedundantInterpolationPrefix`,org.jetbrains.kotlin.idea.codeInsight.inspections.diagnosticBased.RedundantInterpolationPrefixInspection,plugins/kotlin/code-insight/inspections-k2/src/org/jetbrains/kotlin/idea/codeInsight/inspections/diagnosticBased/RedundantInterpolationPrefixInspection.kt,,kotlin,plugins/kotlin/code-insight/inspections-k2/resources/intellij.kotlin.codeInsight.inspections.xml
RedundantLabeledReturnOnLastExpressionInLambda,Redundant labeled return on the last expression in a lambda,Redundant constructs,:rules:kotlin:redundant-constructs,in,INFORMATION,true,psi,uses only the PSI of one file,ported: `RedundantLabeledReturnOnLastExpressionInLambda`,org.jetbrains.kotlin.idea.codeInsight.inspections.RedundantLabeledReturnOnLastExpressionInLambdaInspection,plugins/kotlin/code-insight/inspections-k2/src/org/jetbrains/kotlin/idea/codeInsight/inspections/RedundantLabeledReturnOnLastExpressionInLambdaInspection.kt,plugins/kotlin/code-insight/inspections-k2/tests/testData/inspectionsLocal/redundantLabeledReturnOnLastExpressionInLambda,kotlin,plugins/kotlin/code-insight/inspections-k2/resources/intellij.kotlin.codeInsight.inspections.xml
RedundantLambdaArrow,Redundant lambda arrow,Redundant constructs,:rules:kotlin:redundant-constructs,in,WARNING,true,types,resolves calls,ported: `RedundantLambdaArrow`,org.jetbrains.kotlin.idea.codeInsight.inspections.RedundantLambdaArrowInspection,plugins/kotlin/code-insight/inspections-k2/src/org/jetbrains/kotlin/idea/codeInsight/inspections/RedundantLambdaArrowInspection.kt,plugins/kotlin/idea/tests/testData/inspectionsLocal/redundantLambdaArrow,kotlin,plugins/kotlin/code-insight/inspections-k2/resources/intellij.kotlin.codeInsight.inspections.xml
RedundantLambdaOrAnonymousFunction,Redundant creation of lambda or anonymous function,Redundant constructs,:rules:kotlin:redundant-constructs,in,WARNING,true,psi,uses only the PSI of one file,ported: `RedundantLambdaOrAnonymousFunction`,org.jetbrains.kotlin.idea.codeInsight.inspections.RedundantLambdaOrAnonymousFunctionInspection,plugins/kotlin/code-insight/inspections-k2/src/org/jetbrains/kotlin/idea/codeInsight/inspections/RedundantLambdaOrAnonymousFunctionInspection.kt,plugins/kotlin/idea/tests/testData/inspectionsLocal/redundantLambdaOrAnonymousFunction,kotlin,plugins/kotlin/code-insight/inspections-k2/resources/intellij.kotlin.codeInsight.inspections.xml
RedundantModalityModifier,Redundant modality modifier,Redundant constructs,:rules:kotlin:redundant-constructs,in,WARNING,true,types,uses the Analysis API (`KaFirDiagnostic`),ported: `RedundantModalityModifier`,org.jetbrains.kotlin.idea.codeInsight.inspections.diagnosticBased.RedundantModalityModifierInspection,plugins/kotlin/code-insight/inspections-k2/src/org/jetbrains/kotlin/idea/codeInsight/inspections/diagnosticBased/RedundantModalityModifierInspection.kt,plugins/kotlin/code-insight/inspections-k2/tests/testData/inspectionsLocal/redundantModalityModifier,kotlin,plugins/kotlin/code-insight/inspections-k2/resources/intellij.kotlin.codeInsight.inspections.xml
RedundantNullableReturnType,Redundant nullable return type,Redundant constructs,:rules:kotlin:redundant-constructs,in,WARNING,true,types,"calls `hasOnlyNonNullableReturns`, which uses the Analysis API",ported: `RedundantNullableReturnType`,org.jetbrains.kotlin.idea.codeInsight.inspections.RedundantNullableReturnTypeInspection,plugins/kotlin/code-insight/inspections-k2/src/org/jetbrains/kotlin/idea/codeInsight/inspections/RedundantNullableReturnTypeInspection.kt,plugins/kotlin/idea/tests/testData/inspectionsLocal/redundantNullableReturnType,kotlin,plugins/kotlin/code-insight/inspections-k2/resources/intellij.kotlin.codeInsight.inspections.xml
RedundantRequireNotNullCall,Redundant 'requireNotNull' or 'checkNotNull' call,Redundant constructs,:rules:kotlin:redundant-constructs,in,WEAK WARNING,true,types,resolves calls,covered: detekt `potential-bugs:UnnecessaryNotNullCheck`,org.jetbrains.kotlin.idea.codeInsight.inspections.RedundantRequireNotNullCallInspection,plugins/kotlin/code-insight/inspections-k2/src/org/jetbrains/kotlin/idea/codeInsight/inspections/RedundantRequireNotNullCallInspection.kt,plugins/kotlin/idea/tests/testData/inspectionsLocal/redundantRequireNotNullCall,kotlin,plugins/kotlin/code-insight/inspections-k2/resources/intellij.kotlin.codeInsight.inspections.xml
RedundantReturnKeyword,Redundant 'return' keyword,Redundant constructs,:rules:kotlin:redundant-constructs,in,WARNING,true,types,reads compiler diagnostics,ported: `RedundantReturnKeyword`,org.jetbrains.kotlin.idea.codeInsight.inspections.RedundantReturnKeywordInspection,plugins/kotlin/code-insight/inspections-k2/src/org/jetbrains/kotlin/idea/codeInsight/inspections/RedundantReturnKeywordInspection.kt,plugins/kotlin/idea/tests/testData/inspectionsLocal/redundantReturnKeyword,kotlin,plugins/kotlin/code-insight/inspections-k2/resources/intellij.kotlin.codeInsight.inspections.xml
RedundantReturnLabel,Redundant 'return' label,Redundant constructs,:rules:kotlin:redundant-constructs,in,WEAK WARNING,true,types,resolves calls,ported: `RedundantReturnLabel`,org.jetbrains.kotlin.idea.codeInsight.inspections.RedundantReturnLabelInspection,plugins/kotlin/code-insight/inspections-k2/src/org/jetbrains/kotlin/idea/codeInsight/inspections/RedundantReturnLabelInspection.kt,plugins/kotlin/code-insight/inspections-k2/tests/testData/inspectionsLocal/redundantReturnLabel,kotlin,plugins/kotlin/code-insight/inspections-k2/resources/intellij.kotlin.codeInsight.inspections.xml
RedundantSamConstructor,Redundant SAM constructor,Redundant constructs,:rules:kotlin:redundant-constructs,in,WARNING,true,types,uses the Analysis API (`analyze(`),ported: `RedundantSamConstructor`,org.jetbrains.kotlin.idea.codeInsight.inspections.RedundantSamConstructorInspection,plugins/kotlin/code-insight/inspections-k2/src/org/jetbrains/kotlin/idea/codeInsight/inspections/RedundantSamConstructorInspection.kt,plugins/kotlin/code-insight/inspections-k2/tests/testData/inspections/redundantSamConstructor;plugins/kotlin/code-insight/inspections-k2/tests/testData/inspectionsLocal/redundantSamConstructor,kotlin,plugins/kotlin/code-insight/inspections-k2/resources/intellij.kotlin.codeInsight.inspections.xml
RedundantSemicolon,Redundant semicolon,Redundant constructs,:rules:kotlin:redundant-constructs,in,WARNING,true,psi,uses only the PSI of one file,covered: ktlint `NoSemicolons`,org.jetbrains.kotlin.idea.codeInsight.inspections.RedundantSemicolonInspection,plugins/kotlin/code-insight/inspections-k2/src/org/jetbrains/kotlin/idea/codeInsight/inspections/RedundantSemicolonInspection.kt,plugins/kotlin/code-insight/inspections-k2/tests/testData/inspections/redundantSemicolon;plugins/kotlin/code-insight/inspections-k2/tests/testData/inspectionsLocal/redundantSemicolon;plugins/kotlin/code-insight/inspections-k2/tests/testData/quickfix/redundantSemicolon,kotlin,plugins/kotlin/code-insight/inspections-k2/resources/intellij.kotlin.codeInsight.inspections.xml
RedundantSetter,Redundant property setter,Redundant constructs,:rules:kotlin:redundant-constructs,in,WEAK WARNING,true,types,reads the overridden property,ported: `RedundantSetter`,org.jetbrains.kotlin.idea.codeInsight.inspections.RedundantSetterInspection,plugins/kotlin/code-insight/inspections-k2/src/org/jetbrains/kotlin/idea/codeInsight/inspections/RedundantSetterInspection.kt,plugins/kotlin/code-insight/inspections-k2/tests/testData/inspectionsLocal/redundantSetter,kotlin,plugins/kotlin/code-insight/inspections-k2/resources/intellij.kotlin.codeInsight.inspections.xml
RedundantSuspendModifier,Redundant 'suspend' modifier,Redundant constructs,:rules:kotlin:redundant-constructs,in,WARNING,true,types,searches references in one file,covered: detekt `coroutines:RedundantSuspendModifier`,org.jetbrains.kotlin.idea.codeInsight.inspections.RedundantSuspendModifierInspection,plugins/kotlin/code-insight/inspections-k2/src/org/jetbrains/kotlin/idea/codeInsight/inspections/RedundantSuspendModifierInspection.kt,plugins/kotlin/code-insight/inspections-k2/tests/testData/inspections/redundantSuspendModifier;plugins/kotlin/code-insight/inspections-k2/tests/testData/inspectionsLocal/redundantSuspend,kotlin,plugins/kotlin/code-insight/inspections-k2/resources/intellij.kotlin.codeInsight.inspections.xml
RedundantUnitExpression,Redundant 'Unit',Redundant constructs,:rules:kotlin:redundant-constructs,in,WARNING,true,types,reads the expected type of the expression,covered: detekt `style:OptionalUnit`,org.jetbrains.kotlin.idea.codeInsight.inspections.RedundantUnitExpressionInspection,plugins/kotlin/code-insight/inspections-k2/src/org/jetbrains/kotlin/idea/codeInsight/inspections/RedundantUnitExpressionInspection.kt,plugins/kotlin/idea/tests/testData/inspectionsLocal/redundantUnitExpression,kotlin,plugins/kotlin/code-insight/inspections-k2/resources/intellij.kotlin.codeInsight.inspections.xml
RedundantUnitReturnType,Redundant 'Unit' return type,Redundant constructs,:rules:kotlin:redundant-constructs,in,WARNING,true,types,reports a compiler diagnostic,"covered: detekt `style:OptionalUnit`, ktlint `NoUnitReturn`",org.jetbrains.kotlin.idea.codeInsight.inspections.diagnosticBased.RedundantUnitReturnTypeInspection,plugins/kotlin/code-insight/inspections-k2/src/org/jetbrains/kotlin/idea/codeInsight/inspections/diagnosticBased/RedundantUnitReturnTypeInspection.kt,plugins/kotlin/idea/tests/testData/inspectionsLocal/redundantUnitReturnType,kotlin,plugins/kotlin/code-insight/inspections-k2/resources/intellij.kotlin.codeInsight.inspections.xml
RedundantUpperBound,Redundant upper bound 'Any?',Redundant constructs,:rules:kotlin:redundant-constructs,in,WARNING,true,types,"calls `isNullableAnyType`, which uses the Analysis API",ported: `RedundantUpperBound`,org.jetbrains.kotlin.idea.codeInsight.inspections.RedundantUpperBoundInspection,plugins/kotlin/code-insight/inspections-k2/src/org/jetbrains/kotlin/idea/codeInsight/inspections/RedundantUpperBoundInspection.kt,plugins/kotlin/code-insight/inspections-k2/tests/testData/inspections/redundantUpperBound,kotlin,plugins/kotlin/code-insight/inspections-k2/resources/intellij.kotlin.codeInsight.inspections.xml
RedundantValueArgument,Redundant value argument,Redundant constructs,:rules:kotlin:redundant-constructs,in,WEAK WARNING,false,types,resolves calls,ported: `RedundantValueArgument`,org.jetbrains.kotlin.idea.codeInsight.inspections.RedundantValueArgumentInspection,plugins/kotlin/code-insight/inspections-k2/src/org/jetbrains/kotlin/idea/codeInsight/inspections/RedundantValueArgumentInspection.kt,plugins/kotlin/code-insight/inspections-k2/tests/testData/inspectionsLocal/redundantValueArgument,kotlin,plugins/kotlin/code-insight/inspections-k2/resources/intellij.kotlin.codeInsight.inspections.xml
RedundantVisibilityModifier,Redundant visibility modifier,Redundant constructs,:rules:kotlin:redundant-constructs,in,WARNING,true,types,uses the Analysis API (`KaFirDiagnostic`),covered: detekt `style:RedundantVisibilityModifier`,org.jetbrains.kotlin.idea.codeInsight.inspections.diagnosticBased.RedundantVisibilityModifierInspection,plugins/kotlin/code-insight/inspections-k2/src/org/jetbrains/kotlin/idea/codeInsight/inspections/diagnosticBased/RedundantVisibilityModifierInspection.kt,plugins/kotlin/code-insight/inspections-k2/tests/testData/inspectionsLocal/redundantVisibilityModifierFir;plugins/kotlin/idea/tests/testData/inspectionsLocal/redundantVisibilityModifier,kotlin,plugins/kotlin/code-insight/inspections-k2/resources/intellij.kotlin.codeInsight.inspections.xml
RedundantWith,Redundant 'with' call,Redundant constructs,:rules:kotlin:redundant-constructs,in,WEAK WARNING,true,types,resolves calls,ported: `RedundantWith`,org.jetbrains.kotlin.idea.codeInsight.inspections.RedundantWithInspection,plugins/kotlin/code-insight/inspections-k2/src/org/jetbrains/kotlin/idea/codeInsight/inspections/RedundantWithInspection.kt,plugins/kotlin/idea/tests/testData/inspectionsLocal/redundantWith,kotlin,plugins/kotlin/code-insight/inspections-k2/resources/intellij.kotlin.codeInsight.inspections.xml
RemoveCurlyBracesFromTemplate,Redundant curly braces in string template,Redundant constructs,:rules:kotlin:redundant-constructs,in,WEAK WARNING,true,psi,uses only the PSI of one file,covered: ktlint `StringTemplate`,org.jetbrains.kotlin.idea.codeInsight.inspections.RemoveCurlyBracesFromTemplateInspection,plugins/kotlin/code-insight/inspections-k2/src/org/jetbrains/kotlin/idea/codeInsight/inspections/RemoveCurlyBracesFromTemplateInspection.kt,plugins/kotlin/code-insight/inspections-k2/tests/testData/inspectionsLocal/removeCurlyBracesFromTemplate,kotlin,plugins/kotlin/code-insight/inspections-k2/resources/intellij.kotlin.codeInsight.inspections.xml
RemoveEmptyClassBody,Replace empty class body,Redundant constructs,:rules:kotlin:redundant-constructs,in,WEAK WARNING,true,psi,uses only the PSI of one file,"covered: detekt `empty-blocks:EmptyClassBlock`, ktlint `NoEmptyClassBody`",org.jetbrains.kotlin.idea.codeInsight.inspections.RemoveEmptyClassBodyInspection,plugins/kotlin/code-insight/inspections-k2/src/org/jetbrains/kotlin/idea/codeInsight/inspections/RemoveEmptyClassBodyInspection.kt,plugins/kotlin/code-insight/inspections-k2/tests/testData/inspectionsLocal/removeEmptyClassBody,kotlin,plugins/kotlin/code-insight/inspections-k2/resources/intellij.kotlin.codeInsight.inspections.xml
RemoveEmptyParenthesesFromLambdaCall,Unnecessary parentheses in function call with lambda,Redundant constructs,:rules:kotlin:redundant-constructs,in,WEAK WARNING,true,psi,uses only the PSI of one file,covered: ktlint `UnnecessaryParenthesesBeforeTrailingLambda`,org.jetbrains.kotlin.idea.codeInsight.inspections.RemoveEmptyParenthesesFromLambdaCallInspection,plugins/kotlin/code-insight/inspections-k2/src/org/jetbrains/kotlin/idea/codeInsight/inspections/RemoveEmptyParenthesesFromLambdaCallInspection.kt,plugins/kotlin/code-insight/inspections-k2/tests/testData/inspectionsLocal/removeEmptyParenthesesFromLambdaCall,kotlin,plugins/kotlin/code-insight/inspections-k2/resources/intellij.kotlin.codeInsight.inspections.xml
RemoveEmptyPrimaryConstructor,Redundant empty primary constructor,Redundant constructs,:rules:kotlin:redundant-constructs,in,WEAK WARNING,true,psi,uses only the PSI of one file,covered: detekt `empty-blocks:EmptyDefaultConstructor`,org.jetbrains.kotlin.idea.codeinsight.intentions.RemoveEmptyPrimaryConstructorInspection,plugins/kotlin/code-insight/intentions-k2/src/org/jetbrains/kotlin/idea/codeinsight/intentions/RemoveEmptyPrimaryConstructorIntention.kt,,kotlin,plugins/kotlin/code-insight/intentions-k2/resources/intellij.kotlin.codeInsight.intentions.xml
RemoveEmptySecondaryConstructorBody,Redundant constructor body,Redundant constructs,:rules:kotlin:redundant-constructs,in,WEAK WARNING,true,psi,uses only the PSI of one file,covered: detekt `empty-blocks:EmptySecondaryConstructor`,org.jetbrains.kotlin.idea.codeInsight.inspections.RemoveEmptySecondaryConstructorBodyInspection,plugins/kotlin/code-insight/inspections-k2/src/org/jetbrains/kotlin/idea/codeInsight/inspections/RemoveEmptySecondaryConstructorBodyInspection.kt,plugins/kotlin/code-insight/inspections-k2/tests/testData/inspectionsLocal/removeEmptySecondaryConstructorBody,kotlin,plugins/kotlin/code-insight/inspections-k2/resources/intellij.kotlin.codeInsight.inspections.xml
RemoveExplicitSuperQualifier,Unnecessary supertype qualification,Redundant constructs,:rules:kotlin:redundant-constructs,in,WEAK WARNING,true,types,matches resolved callables,ported: `RemoveExplicitSuperQualifier`,org.jetbrains.kotlin.idea.codeInsight.inspections.RemoveExplicitSuperQualifierInspection,plugins/kotlin/code-insight/inspections-k2/src/org/jetbrains/kotlin/idea/codeInsight/inspections/RemoveExplicitSuperQualifierInspection.kt,plugins/kotlin/idea/tests/testData/intentions/removeExplicitSuperQualifier,kotlin,plugins/kotlin/code-insight/inspections-k2/resources/intellij.kotlin.codeInsight.inspections.xml
RemoveExplicitTypeArguments,Unnecessary type argument,Redundant constructs,:rules:kotlin:redundant-constructs,in,WEAK WARNING,true,types,"calls `areTypeArgumentsRedundant`, which uses the Analysis API",ported: `RemoveExplicitTypeArguments`,org.jetbrains.kotlin.idea.codeInsight.inspections.RemoveExplicitTypeArgumentsInspection,plugins/kotlin/code-insight/inspections-k2/src/org/jetbrains/kotlin/idea/codeInsight/inspections/RemoveExplicitTypeArgumentsInspection.kt,plugins/kotlin/idea/tests/testData/inspectionsLocal/removeExplicitTypeArguments;plugins/kotlin/idea/tests/testData/intentions/removeExplicitTypeArguments,kotlin,plugins/kotlin/code-insight/inspections-k2/resources/intellij.kotlin.codeInsight.inspections.xml
RemoveRedundantBackticks,Redundant backticks,Redundant constructs,:rules:kotlin:redundant-constructs,in,WARNING,true,psi,uses only the PSI of one file,covered: detekt `style:UnnecessaryBackticks`,org.jetbrains.kotlin.idea.codeInsight.inspections.RemoveRedundantBackticksInspection,plugins/kotlin/code-insight/inspections-k2/src/org/jetbrains/kotlin/idea/codeInsight/inspections/RemoveRedundantBackticksInspection.kt,plugins/kotlin/code-insight/inspections-k2/tests/testData/inspectionsLocal/removeRedundantBackticks,kotlin,plugins/kotlin/code-insight/inspections-k2/resources/intellij.kotlin.codeInsight.inspections.xml
RemoveRedundantQualifierName,Redundant qualifier name,Redundant constructs,:rules:kotlin:redundant-constructs,in,WARNING,true,types,resolves calls,ported: `RemoveRedundantQualifierName`,org.jetbrains.kotlin.idea.codeInsight.inspections.RemoveRedundantQualifierNameInspection,plugins/kotlin/code-insight/inspections-k2/src/org/jetbrains/kotlin/idea/codeInsight/inspections/RemoveRedundantQualifierNameInspection.kt,plugins/kotlin/code-insight/inspections-k2/tests/testData/inspectionsLocal/removeRedundantQualifierName;plugins/kotlin/idea/tests/testData/inspectionsLocal/removeRedundantQualifierName,kotlin,plugins/kotlin/code-insight/inspections-k2/resources/intellij.kotlin.codeInsight.inspections.xml
RemoveRedundantSpreadOperator,Redundant spread operator,Redundant constructs,:rules:kotlin:redundant-constructs,in,WARNING,true,types,resolves calls,ported: `RemoveRedundantSpreadOperator`,org.jetbrains.kotlin.idea.codeInsight.inspections.RemoveRedundantSpreadOperatorInspection,plugins/kotlin/code-insight/inspections-k2/src/org/jetbrains/kotlin/idea/codeInsight/inspections/RemoveRedundantSpreadOperatorInspection.kt,plugins/kotlin/idea/tests/testData/inspectionsLocal/removeRedundantSpreadOperator,kotlin,plugins/kotlin/code-insight/inspections-k2/resources/intellij.kotlin.codeInsight.inspections.xml
RemoveSetterParameterType,Redundant setter parameter type,Redundant constructs,:rules:kotlin:redundant-constructs,in,WARNING,true,psi,uses only the PSI of one file,ported: `RemoveSetterParameterType`,org.jetbrains.kotlin.idea.codeInsight.inspections.RemoveSetterParameterTypeInspection,plugins/kotlin/code-insight/inspections-k2/src/org/jetbrains/kotlin/idea/codeInsight/inspections/RemoveSetterParameterTypeInspection.kt,plugins/kotlin/code-insight/inspections-k2/tests/testData/inspections/removeSetterParameterType;plugins/kotlin/code-insight/inspections-k2/tests/testData/inspectionsLocal/removeSetterParameterType,kotlin,plugins/kotlin/code-insight/inspections-k2/resources/intellij.kotlin.codeInsight.inspections.xml
RemoveSingleExpressionStringTemplate,Redundant string template,Redundant constructs,:rules:kotlin:redundant-constructs,in,WARNING,true,types,reads expression types,ported: `RemoveSingleExpressionStringTemplate`,org.jetbrains.kotlin.idea.codeInsight.inspections.RemoveSingleExpressionStringTemplateInspection,plugins/kotlin/code-insight/inspections-k2/src/org/jetbrains/kotlin/idea/codeInsight/inspections/RemoveSingleExpressionStringTemplateInspection.kt,plugins/kotlin/idea/tests/testData/intentions/removeSingleExpressionStringTemplate,kotlin,plugins/kotlin/code-insight/inspections-k2/resources/intellij.kotlin.codeInsight.inspections.xml
RemoveToStringInStringTemplate,Redundant call to 'toString()' in string template,Redundant constructs,:rules:kotlin:redundant-constructs,in,WEAK WARNING,true,types,resolves calls,covered: ktlint `StringTemplate`,org.jetbrains.kotlin.idea.codeInsight.inspections.RemoveToStringInStringTemplateInspection,plugins/kotlin/code-insight/inspections-k2/src/org/jetbrains/kotlin/idea/codeInsight/inspections/RemoveToStringInStringTemplateInspection.kt,plugins/kotlin/idea/tests/testData/inspectionsLocal/removeToStringInStringTemplate,kotlin,plugins/kotlin/code-insight/inspections-k2/resources/intellij.kotlin.codeInsight.inspections.xml
ScopeFunctionConversion,Call can be replaced with another scope function,Redundant constructs,:rules:kotlin:redundant-constructs,in,INFORMATION,true,types,resolves calls,ported: `ScopeFunctionConversion`,org.jetbrains.kotlin.idea.codeInsight.inspections.ScopeFunctionConversionInspection,plugins/kotlin/code-insight/inspections-k2/src/org/jetbrains/kotlin/idea/codeInsight/inspections/ScopeFunctionConversionInspection.kt,plugins/kotlin/idea/tests/testData/inspectionsLocal/scopeFunctions,kotlin,plugins/kotlin/code-insight/inspections-k2/resources/intellij.kotlin.codeInsight.inspections.xml
SimpleRedundantLet,Redundant receiver-based 'let' call,Redundant constructs,:rules:kotlin:redundant-constructs,in,WARNING,true,types,matches resolved callables,covered: detekt `style:UnnecessaryLet`,org.jetbrains.kotlin.idea.codeInsight.inspections.SimpleRedundantLetInspection,plugins/kotlin/code-insight/inspections-k2/src/org/jetbrains/kotlin/idea/codeInsight/inspections/RedundantLetInspection.kt,plugins/kotlin/code-insight/inspections-k2/tests/testData/inspectionsLocal/simpleRedundantLet,kotlin,plugins/kotlin/code-insight/inspections-k2/resources/intellij.kotlin.codeInsight.inspections.xml
SimplifyWhenWithBooleanConstantCondition,Simplifiable 'when',Redundant constructs,:rules:kotlin:redundant-constructs,in,WEAK WARNING,true,psi,uses only the PSI of one file,ported: `SimplifyWhenWithBooleanConstantCondition`,org.jetbrains.kotlin.idea.codeInsight.inspections.SimplifyWhenWithBooleanConstantConditionInspection,plugins/kotlin/code-insight/inspections-k2/src/org/jetbrains/kotlin/idea/codeInsight/inspections/SimplifyWhenWithBooleanConstantConditionInspection.kt,plugins/kotlin/code-insight/inspections-k2/tests/testData/inspectionsLocal/simplifyWhenWithBooleanConstantCondition,kotlin,plugins/kotlin/code-insight/inspections-k2/resources/intellij.kotlin.codeInsight.inspections.xml
SuspiciousCallableReferenceInLambda,Suspicious callable reference used as lambda result,Redundant constructs,:rules:kotlin:redundant-constructs,in,WEAK WARNING,true,types,resolves calls,ported: `SuspiciousCallableReferenceInLambda`,org.jetbrains.kotlin.idea.codeInsight.inspections.SuspiciousCallableReferenceInLambdaInspection,plugins/kotlin/code-insight/inspections-k2/src/org/jetbrains/kotlin/idea/codeInsight/inspections/SuspiciousCallableReferenceInLambdaInspection.kt,plugins/kotlin/idea/tests/testData/inspectionsLocal/suspiciousCallableReferenceInLambda,kotlin,plugins/kotlin/code-insight/inspections-k2/resources/intellij.kotlin.codeInsight.inspections.xml
UnnecessaryOptInAnnotation,Unnecessary '@OptIn' annotation,Redundant constructs,:rules:kotlin:redundant-constructs,in,WEAK WARNING,true,types,reads the language version of the module,ported: `UnnecessaryOptInAnnotation`,org.jetbrains.kotlin.idea.codeInsight.inspections.UnnecessaryOptInAnnotationInspection,plugins/kotlin/code-insight/inspections-k2/src/org/jetbrains/kotlin/idea/codeInsight/inspections/UnnecessaryOptInAnnotationInspection.kt,plugins/kotlin/idea/tests/testData/inspectionsLocal/unnecessaryOptInAnnotation,kotlin,plugins/kotlin/code-insight/inspections-k2/resources/intellij.kotlin.codeInsight.inspections.xml
UnnecessaryVariable,Unnecessary local variable,Redundant constructs,:rules:kotlin:redundant-constructs,in,WEAK WARNING,true,types,searches references in one file,ported: `UnnecessaryVariable`,org.jetbrains.kotlin.idea.codeInsight.inspections.UnnecessaryVariableInspection,plugins/kotlin/code-insight/inspections-k2/src/org/jetbrains/kotlin/idea/codeInsight/inspections/UnnecessaryVariableInspection.kt,plugins/kotlin/idea/tests/testData/inspectionsLocal/unnecessaryVariable,kotlin,plugins/kotlin/code-insight/inspections-k2/resources/intellij.kotlin.codeInsight.inspections.xml
UnusedContextParameterCall,Unused context call arguments,Redundant constructs,:rules:kotlin:redundant-constructs,in,WEAK WARNING,true,types,resolves calls,ported: `UnusedContextParameterCall`,org.jetbrains.kotlin.idea.codeInsight.inspections.UnusedContextParameterCallInspection,plugins/kotlin/code-insight/inspections-k2/src/org/jetbrains/kotlin/idea/codeInsight/inspections/UnusedContextParameterCallInspection.kt,plugins/kotlin/idea/tests/testData/inspectionsLocal/unusedContextParameterCall,kotlin,plugins/kotlin/code-insight/inspections-k2/resources/intellij.kotlin.codeInsight.inspections.xml
UnusedReceiverParameter,Unused receiver parameter,Redundant constructs,:rules:kotlin:redundant-constructs,in,WARNING,true,types,reads compiler diagnostics,ported: `UnusedReceiverParameter`,org.jetbrains.kotlin.idea.codeInsight.inspections.UnusedReceiverParameterInspection,plugins/kotlin/code-insight/inspections-k2/src/org/jetbrains/kotlin/idea/codeInsight/inspections/UnusedReceiverParameterInspection.kt,plugins/kotlin/idea/tests/testData/inspectionsLocal/unusedReceiverParameter,kotlin,plugins/kotlin/code-insight/inspections-k2/resources/intellij.kotlin.codeInsight.inspections.xml
UnusedSymbol,Unused symbol,Redundant constructs,:rules:kotlin:redundant-constructs,in,WARNING,true,not-portable,"searches references in the whole project; detekt `UnusedPrivateClass`, `UnusedPrivateFunction`, `UnusedPrivateProperty` cover private declarations",,org.jetbrains.kotlin.idea.codeInsight.inspections.UnusedSymbolInspection,plugins/kotlin/code-insight/inspections-k2/src/org/jetbrains/kotlin/idea/codeInsight/inspections/UnusedSymbolInspection.kt,plugins/kotlin/idea/tests/testData/inspections/unusedSymbol/class;plugins/kotlin/idea/tests/testData/inspections/unusedSymbol/enum;plugins/kotlin/idea/tests/testData/inspections/unusedSymbol/function;plugins/kotlin/idea/tests/testData/inspections/unusedSymbol/functionMain;plugins/kotlin/idea/tests/testData/inspections/unusedSymbol/js;plugins/kotlin/idea/tests/testData/inspections/unusedSymbol/object;plugins/kotlin/idea/tests/testData/inspections/unusedSymbol/parameter;plugins/kotlin/idea/tests/testData/inspections/unusedSymbol/property;plugins/kotlin/idea/tests/testData/inspections/unusedSymbol/typeAlias;plugins/kotlin/idea/tests/testData/inspections/unusedSymbol/typeParameter;plugins/kotlin/idea/tests/testData/inspectionsLocal/unusedContextParameter;plugins/kotlin/idea/tests/testData/inspectionsLocal/unusedSymbol,kotlin,plugins/kotlin/code-insight/inspections-k2/resources/intellij.kotlin.codeInsight.inspections.xml
UnusedVariable,Unused variable,Redundant constructs,:rules:kotlin:redundant-constructs,in,WARNING,true,types,reports a compiler diagnostic,covered: detekt `style:UnusedVariable`,org.jetbrains.kotlin.idea.codeInsight.inspections.diagnosticBased.UnusedVariableInspection,plugins/kotlin/code-insight/inspections-k2/src/org/jetbrains/kotlin/idea/codeInsight/inspections/diagnosticBased/UnusedVariableInspection.kt,plugins/kotlin/idea/tests/testData/inspectionsLocal/unusedVariable,kotlin,plugins/kotlin/code-insight/inspections-k2/resources/intellij.kotlin.codeInsight.inspections.xml
VariableInitializerIsRedundant,Variable initializer is redundant,Redundant constructs,:rules:kotlin:redundant-constructs,in,WARNING,true,types,uses the Analysis API (`KaFirDiagnostic`),ported: `VariableInitializerIsRedundant`,org.jetbrains.kotlin.idea.codeInsight.inspections.diagnosticBased.VariableInitializerIsRedundantInspection,plugins/kotlin/code-insight/inspections-k2/src/org/jetbrains/kotlin/idea/codeInsight/inspections/diagnosticBased/VariableInitializerIsRedundantInspection.kt,,kotlin,plugins/kotlin/code-insight/inspections-k2/resources/intellij.kotlin.codeInsight.inspections.xml
WhenWithOnlyElse,'when' has only 'else' branch and can be simplified,Redundant constructs,:rules:kotlin:redundant-constructs,in,WEAK WARNING,false,psi,uses only the PSI of one file,ported: `WhenWithOnlyElse`,org.jetbrains.kotlin.idea.codeInsight.inspections.expressions.WhenWithOnlyElseInspection,plugins/kotlin/code-insight/inspections-k2/src/org/jetbrains/kotlin/idea/codeInsight/inspections/expressions/WhenWithOnlyElseInspection.kt,plugins/kotlin/idea/tests/testData/inspectionsLocal/whenWithOnlyElse,kotlin,plugins/kotlin/code-insight/inspections-k2/resources/intellij.kotlin.codeInsight.inspections.xml
AddOperatorModifier,Function should have 'operator' modifier,Style issues,:rules:kotlin:style-issues,in,INFORMATION,true,types,reads declaration symbols,ported: `AddOperatorModifier`,org.jetbrains.kotlin.idea.codeInsight.inspections.AddOperatorModifierInspection,plugins/kotlin/code-insight/inspections-k2/src/org/jetbrains/kotlin/idea/codeInsight/inspections/AddOperatorModifierInspection.kt,plugins/kotlin/idea/tests/testData/inspectionsLocal/addOperatorModifier,kotlin,plugins/kotlin/code-insight/inspections-k2/resources/intellij.kotlin.codeInsight.inspections.xml
AddVarianceModifier,Type parameter can have 'in' or 'out' variance,Style issues,:rules:kotlin:style-issues,in,INFORMATION,true,types,reads declaration types,ported: `AddVarianceModifier`,org.jetbrains.kotlin.idea.codeInsight.inspections.AddVarianceModifierInspection,plugins/kotlin/code-insight/inspections-k2/src/org/jetbrains/kotlin/idea/codeInsight/inspections/AddVarianceModifierInspection.kt,,kotlin,plugins/kotlin/code-insight/inspections-k2/resources/intellij.kotlin.codeInsight.inspections.xml
BooleanLiteralArgument,Boolean literal argument without parameter name,Style issues,:rules:kotlin:style-issues,in,WEAK WARNING,true,types,reads compiler diagnostics,ported: `BooleanLiteralArgument`,org.jetbrains.kotlin.idea.codeInsight.inspections.BooleanLiteralArgumentInspection,plugins/kotlin/code-insight/inspections-k2/src/org/jetbrains/kotlin/idea/codeInsight/inspections/BooleanLiteralArgumentInspection.kt,plugins/kotlin/idea/tests/testData/inspectionsLocal/booleanLiteralArgument,kotlin,plugins/kotlin/code-insight/inspections-k2/resources/intellij.kotlin.codeInsight.inspections.xml
CanBeVal,Local 'var' is never modified and can be declared as 'val',Style issues,:rules:kotlin:style-issues,in,WARNING,true,types,reports a compiler diagnostic,covered: detekt `style:VarCouldBeVal`,org.jetbrains.kotlin.idea.codeInsight.inspections.diagnosticBased.CanBeValInspection,plugins/kotlin/code-insight/inspections-k2/src/org/jetbrains/kotlin/idea/codeInsight/inspections/diagnosticBased/CanBeValInspection.kt,plugins/kotlin/idea/tests/testData/inspectionsLocal/canBeVal,kotlin,plugins/kotlin/code-insight/inspections-k2/resources/intellij.kotlin.codeInsight.inspections.xml
CascadeIf,Cascade 'if' can be replaced with 'when',Style issues,:rules:kotlin:style-issues,in,WEAK WARNING,true,types,"calls `getWhenConditionSubjectCandidate`, which uses the Analysis API",ported: `CascadeIf`,org.jetbrains.kotlin.idea.codeInsight.inspections.CascadeIfInspection,plugins/kotlin/code-insight/inspections-k2/src/org/jetbrains/kotlin/idea/codeInsight/inspections/CascadeIfInspection.kt,plugins/kotlin/idea/tests/testData/inspectionsLocal/cascadeIf,kotlin,plugins/kotlin/code-insight/inspections-k2/resources/intellij.kotlin.codeInsight.inspections.xml
CollapseCollectionLiteralChainCall,Type conversion on collection literal can be removed,Style issues,:rules:kotlin:style-issues,in,INFO,true,not-portable,needs the experimental language feature CollectionLiterals,,org.jetbrains.kotlin.idea.codeInsight.inspections.CollapseCollectionLiteralChainCallInspection,plugins/kotlin/code-insight/inspections-k2/src/org/jetbrains/kotlin/idea/codeInsight/inspections/CollapseCollectionLiteralChainCallInspection.kt,plugins/kotlin/code-insight/inspections-k2/tests/testData/inspectionsLocal/collapseCollectionLiteralChainCall,kotlin,plugins/kotlin/code-insight/inspections-k2/resources/intellij.kotlin.codeInsight.inspections.xml
CollectionConcatenationToBuildCollection,Collection concatenation can be converted to collection builder,Style issues,:rules:kotlin:style-issues,in,WEAK WARNING,true,types,resolves calls,,org.jetbrains.kotlin.idea.codeInsight.inspections.collections.CollectionConcatenationToBuildCollectionInspection,plugins/kotlin/code-insight/inspections-k2/src/org/jetbrains/kotlin/idea/codeInsight/inspections/collections/CollectionConcatenationToBuildCollectionInspection.kt,plugins/kotlin/code-insight/inspections-k2/tests/testData/inspections/concatenationToBuildCollection;plugins/kotlin/idea/tests/testData/inspectionsLocal/collections/concatenationToBuildCollection,kotlin,plugins/kotlin/code-insight/inspections-k2/resources/intellij.kotlin.codeInsight.inspections.xml
ConvertCallChainIntoSequence,Call chain on collection could be converted into 'Sequence' to improve performance,Style issues,:rules:kotlin:style-issues,in,WEAK WARNING,true,types,reads declaration types,,org.jetbrains.kotlin.idea.codeInsight.inspections.collections.ConvertCallChainIntoSequenceInspection,plugins/kotlin/code-insight/inspections-k2/src/org/jetbrains/kotlin/idea/codeInsight/inspections/collections/ConvertCallChainIntoSequenceInspection.kt,plugins/kotlin/code-insight/inspections-k2/tests/testData/inspectionsLocal/collections/convertCallChainIntoSequence,kotlin,plugins/kotlin/code-insight/inspections-k2/resources/intellij.kotlin.codeInsight.inspections.xml
ConvertCollectionLiteralToFunctionCall,Collection literal can be replaced with a function call,Style issues,:rules:kotlin:style-issues,in,INFORMATION,true,types,reads compiler diagnostics,,org.jetbrains.kotlin.idea.codeInsight.inspections.ConvertCollectionLiteralToFunctionCallInspection,plugins/kotlin/code-insight/inspections-k2/src/org/jetbrains/kotlin/idea/codeInsight/inspections/ConvertCollectionLiteralToFunctionCallInspection.kt,plugins/kotlin/code-insight/inspections-k2/tests/testData/inspectionsLocal/convertCollectionLiteralToFunctionCall,kotlin,plugins/kotlin/code-insight/inspections-k2/resources/intellij.kotlin.codeInsight.inspections.xml
ConvertCollectionLiteralToTypeOfExpression,'{0}' can be used,Style issues,:rules:kotlin:style-issues,in,INFORMATION,true,types,reads compiler diagnostics,,org.jetbrains.kotlin.idea.codeInsight.inspections.ConvertCollectionLiteralToTypeOfExpressionInspection,plugins/kotlin/code-insight/inspections-k2/src/org/jetbrains/kotlin/idea/codeInsight/inspections/ConvertCollectionLiteralToTypeOfExpressionInspection.kt,plugins/kotlin/code-insight/inspections-k2/tests/testData/inspectionsLocal/convertCollectionLiteralToTypeOfExpression,kotlin,plugins/kotlin/code-insight/inspections-k2/resources/intellij.kotlin.codeInsight.inspections.xml
ConvertDataClassToValueClass,Data class can be converted to value class,Style issues,:rules:kotlin:style-issues,in,INFORMATION,true,types,reads declaration symbols,,org.jetbrains.kotlin.idea.codeInsight.inspections.ConvertDataClassToValueClassInspection,plugins/kotlin/code-insight/inspections-k2/src/org/jetbrains/kotlin/idea/codeInsight/inspections/ConvertDataClassToValueClassInspection.kt,plugins/kotlin/code-insight/inspections-k2/tests/testData/inspectionsLocal/convertToValueClass,kotlin,plugins/kotlin/code-insight/inspections-k2/resources/intellij.kotlin.codeInsight.inspections.xml
ConvertExplicitContextArgumentToImplicit,Explicit context argument can be implicit,Style issues,:rules:kotlin:style-issues,in,INFORMATION,true,types,resolves calls,,org.jetbrains.kotlin.idea.codeInsight.inspections.ConvertExplicitContextArgumentToImplicitInspection,plugins/kotlin/code-insight/inspections-k2/src/org/jetbrains/kotlin/idea/codeInsight/inspections/ConvertExplicitContextArgumentToImplicitInspection.kt,plugins/kotlin/idea/tests/testData/inspectionsLocal/convertExplicitContextArgumentToImplicit,kotlin,plugins/kotlin/code-insight/inspections-k2/resources/intellij.kotlin.codeInsight.inspections.xml
ConvertImplicitContextArgumentToExplicit,Implicit context argument can be explicit,Style issues,:rules:kotlin:style-issues,in,INFORMATION,true,types,reads expression types,,org.jetbrains.kotlin.idea.codeInsight.inspections.ConvertImplicitContextArgumentToExplicitInspection,plugins/kotlin/code-insight/inspections-k2/src/org/jetbrains/kotlin/idea/codeInsight/inspections/ConvertImplicitContextArgumentToExplicitInspection.kt,plugins/kotlin/idea/tests/testData/inspectionsLocal/convertImplicitContextArgumentToExplicit,kotlin,plugins/kotlin/code-insight/inspections-k2/resources/intellij.kotlin.codeInsight.inspections.xml
ConvertPairConstructorToToFunction,Convert Pair constructor to 'to' function,Style issues,:rules:kotlin:style-issues,in,INFORMATION,true,types,resolves calls,,org.jetbrains.kotlin.idea.codeInsight.inspections.ConvertPairConstructorToToFunctionInspection,plugins/kotlin/code-insight/inspections-k2/src/org/jetbrains/kotlin/idea/codeInsight/inspections/ConvertPairConstructorToToFunctionInspection.kt,plugins/kotlin/idea/tests/testData/inspectionsLocal/convertPairConstructorToToFunction,kotlin,plugins/kotlin/code-insight/inspections-k2/resources/intellij.kotlin.codeInsight.inspections.xml
ConvertRangeCheckToTwoComparisons,Convert to comparisons,Style issues,:rules:kotlin:style-issues,in,INFORMATION,true,types,resolves calls,,org.jetbrains.kotlin.idea.codeInsight.inspections.ConvertRangeCheckToTwoComparisonsInspection,plugins/kotlin/code-insight/inspections-k2/src/org/jetbrains/kotlin/idea/codeInsight/inspections/ConvertRangeCheckToTwoComparisonsInspection.kt,plugins/kotlin/code-insight/inspections-k2/tests/testData/inspectionsLocal/convertRangeCheckToTwoComparisons,kotlin,plugins/kotlin/code-insight/inspections-k2/resources/intellij.kotlin.codeInsight.inspections.xml
ConvertReferenceToLambda,Can be replaced with lambda,Style issues,:rules:kotlin:style-issues,in,INFORMATION,true,types,reads expected types,,org.jetbrains.kotlin.idea.codeInsight.inspections.ConvertReferenceToLambdaInspection,plugins/kotlin/code-insight/inspections-k2/src/org/jetbrains/kotlin/idea/codeInsight/inspections/ConvertReferenceToLambdaInspection.kt,plugins/kotlin/idea/tests/testData/intentions/convertReferenceToLambda,kotlin,plugins/kotlin/code-insight/inspections-k2/resources/intellij.kotlin.codeInsight.inspections.xml
ConvertSealedClassToSealedInterface,Sealed class can be converted to sealed interface,Style issues,:rules:kotlin:style-issues,in,INFORMATION,true,types,reads declaration symbols,,org.jetbrains.kotlin.idea.codeInsight.inspections.ConvertSealedClassToSealedInterfaceInspection,plugins/kotlin/code-insight/inspections-k2/src/org/jetbrains/kotlin/idea/codeInsight/inspections/SealedClassInterfaceConversionInspection.kt,plugins/kotlin/code-insight/inspections-k2/tests/testData/inspectionsLocal/convertSealedClassToSealedInterface,kotlin,plugins/kotlin/code-insight/inspections-k2/resources/intellij.kotlin.codeInsight.inspections.xml
ConvertSealedInterfaceToSealedClass,Sealed interface can be converted to sealed class,Style issues,:rules:kotlin:style-issues,in,INFORMATION,true,types,reads declaration symbols,,org.jetbrains.kotlin.idea.codeInsight.inspections.ConvertSealedInterfaceToSealedClassInspection,plugins/kotlin/code-insight/inspections-k2/src/org/jetbrains/kotlin/idea/codeInsight/inspections/SealedClassInterfaceConversionInspection.kt,plugins/kotlin/code-insight/inspections-k2/tests/testData/inspectionsLocal/convertSealedInterfaceToSealedClass,kotlin,plugins/kotlin/code-insight/inspections-k2/resources/intellij.kotlin.codeInsight.inspections.xml
ConvertSecondaryConstructorToPrimary,Convert to primary constructor,Style issues,:rules:kotlin:style-issues,in,INFORMATION,true,types,resolves calls,,org.jetbrains.kotlin.idea.codeInsight.inspections.ConvertSecondaryConstructorToPrimaryInspection,plugins/kotlin/code-insight/inspections-k2/src/org/jetbrains/kotlin/idea/codeInsight/inspections/ConvertSecondaryConstructorToPrimaryInspection.kt,plugins/kotlin/idea/tests/testData/intentions/convertSecondaryConstructorToPrimary,kotlin,plugins/kotlin/code-insight/inspections-k2/resources/intellij.kotlin.codeInsight.inspections.xml
ConvertToCollectionLiterals,Collection literal can be used,Style issues,:rules:kotlin:style-issues,in,INFORMATION,true,types,resolves calls,,org.jetbrains.kotlin.idea.codeInsight.inspections.ConvertToCollectionLiteralsInspection,plugins/kotlin/code-insight/inspections-k2/src/org/jetbrains/kotlin/idea/codeInsight/inspections/ConvertToCollectionLiteralsInspection.kt,plugins/kotlin/code-insight/inspections-k2/tests/testData/inspectionsLocal/convertToCollectionLiterals,kotlin,plugins/kotlin/code-insight/inspections-k2/resources/intellij.kotlin.codeInsight.inspections.xml
ConvertToExplicitBackingFields,Explicit backing fields can be used,Style issues,:rules:kotlin:style-issues,in,WEAK WARNING,true,types,resolves calls,,org.jetbrains.kotlin.idea.codeInsight.inspections.ConvertToExplicitBackingFieldsInspection,plugins/kotlin/code-insight/inspections-k2/src/org/jetbrains/kotlin/idea/codeInsight/inspections/ConvertToExplicitBackingFieldsInspection.kt,plugins/kotlin/code-insight/inspections-k2/tests/testData/inspectionsLocal/convertToExplicitBackingFields,kotlin,plugins/kotlin/code-insight/inspections-k2/resources/intellij.kotlin.codeInsight.inspections.xml
ConvertToStringTemplate,String concatenation that can be converted to string template,Style issues,:rules:kotlin:style-issues,in,WEAK WARNING,true,types,"calls `canConvertToStringTemplate`, which uses the Analysis API",,org.jetbrains.kotlin.idea.codeInsight.inspections.ConvertToStringTemplateInspection,plugins/kotlin/code-insight/inspections-k2/src/org/jetbrains/kotlin/idea/codeInsight/inspections/ConvertToStringTemplateInspection.kt,plugins/kotlin/idea/tests/testData/intentions/convertToStringTemplate,kotlin,plugins/kotlin/code-insight/inspections-k2/resources/intellij.kotlin.codeInsight.inspections.xml
ConvertTryFinallyToUseCall,Convert try / finally to use() call,Style issues,:rules:kotlin:style-issues,in,WEAK WARNING,true,types,reads declaration symbols,,org.jetbrains.kotlin.idea.codeInsight.inspections.ConvertTryFinallyToUseCallInspection,plugins/kotlin/code-insight/inspections-k2/src/org/jetbrains/kotlin/idea/codeInsight/inspections/ConvertTryFinallyToUseCallInspection.kt,plugins/kotlin/idea/tests/testData/intentions/convertTryFinallyToUseCall,kotlin,plugins/kotlin/code-insight/inspections-k2/resources/intellij.kotlin.codeInsight.inspections.xml
ConvertTwoComparisonsToRangeCheck,Two comparisons should be converted to a range check,Style issues,:rules:kotlin:style-issues,in,WEAK WARNING,true,types,reads expression types,,org.jetbrains.kotlin.idea.codeInsight.inspections.ConvertTwoComparisonsToRangeCheckInspection,plugins/kotlin/code-insight/inspections-k2/src/org/jetbrains/kotlin/idea/codeInsight/inspections/ConvertTwoComparisonsToRangeCheckInspection.kt,plugins/kotlin/code-insight/inspections-k2/tests/testData/inspectionsLocal/convertTwoComparisonsToRangeCheck,kotlin,plugins/kotlin/code-insight/inspections-k2/resources/intellij.kotlin.codeInsight.inspections.xml
ConvertTypeOfToCollectionLiteral,Collection literal can be used,Style issues,:rules:kotlin:style-issues,in,INFORMATION,true,types,resolves calls,,org.jetbrains.kotlin.idea.codeInsight.inspections.ConvertTypeOfToCollectionLiteralInspection,plugins/kotlin/code-insight/inspections-k2/src/org/jetbrains/kotlin/idea/codeInsight/inspections/ConvertTypeOfToCollectionLiteralInspection.kt,plugins/kotlin/code-insight/inspections-k2/tests/testData/inspectionsLocal/convertTypeOfToCollectionLiteral,kotlin,plugins/kotlin/code-insight/inspections-k2/resources/intellij.kotlin.codeInsight.inspections.xml
CopyWithoutNamedArguments,'copy' method of data class is called without named arguments,Style issues,:rules:kotlin:style-issues,in,WEAK WARNING,true,types,resolves calls,,org.jetbrains.kotlin.idea.codeInsight.inspections.CopyWithoutNamedArgumentsInspection,plugins/kotlin/code-insight/inspections-k2/src/org/jetbrains/kotlin/idea/codeInsight/inspections/CopyWithoutNamedArgumentsInspection.kt,plugins/kotlin/idea/tests/testData/inspectionsLocal/copyWithoutNamedArguments,kotlin,plugins/kotlin/code-insight/inspections-k2/resources/intellij.kotlin.codeInsight.inspections.xml
DestructuringDeclaration,Use destructuring declaration,Style issues,:rules:kotlin:style-issues,in,WEAK WARNING,true,types,resolves calls,,org.jetbrains.kotlin.idea.codeInsight.inspections.DestructuringDeclarationInspection,plugins/kotlin/code-insight/inspections-k2/src/org/jetbrains/kotlin/idea/codeInsight/inspections/DestructuringDeclarationInspection.kt,plugins/kotlin/idea/tests/testData/intentions/destructuringInLambda;plugins/kotlin/idea/tests/testData/intentions/destructuringVariables;plugins/kotlin/idea/tests/testData/intentions/iterationOverMap,kotlin,plugins/kotlin/code-insight/inspections-k2/resources/intellij.kotlin.codeInsight.inspections.xml
DoubleBang,Not-null assertion can be replaced with 'error()',Style issues,:rules:kotlin:style-issues,in,INFORMATION,true,types,reads compiler diagnostics,,org.jetbrains.kotlin.idea.codeInsight.inspections.DoubleBangInspection,plugins/kotlin/code-insight/inspections-k2/src/org/jetbrains/kotlin/idea/codeInsight/inspections/DoubleBangInspection.kt,plugins/kotlin/idea/tests/testData/inspectionsLocal/doubleBang,kotlin,plugins/kotlin/code-insight/inspections-k2/resources/intellij.kotlin.codeInsight.inspections.xml
FilterIsInstanceCallWithClassLiteralArgument,'filterIsInstance' call with a class literal argument,Style issues,:rules:kotlin:style-issues,in,WEAK WARNING,true,types,resolves calls,,org.jetbrains.kotlin.idea.codeInsight.inspections.FilterIsInstanceCallWithClassLiteralArgumentInspection,plugins/kotlin/code-insight/inspections-k2/src/org/jetbrains/kotlin/idea/codeInsight/inspections/FilterIsInstanceCallWithClassLiteralArgumentInspection.kt,plugins/kotlin/code-insight/inspections-k2/tests/testData/inspectionsLocal/filterIsInstanceCallWithClassLiteralArgument,kotlin,plugins/kotlin/code-insight/inspections-k2/resources/intellij.kotlin.codeInsight.inspections.xml
FoldInitializerAndIfToElvis,If-Null return/break/... foldable to '?:',Style issues,:rules:kotlin:style-issues,in,WEAK WARNING,true,types,"calls `prepareData`, which uses the Analysis API",,org.jetbrains.kotlin.idea.codeInsight.inspections.FoldInitializerAndIfToElvisInspection,plugins/kotlin/code-insight/inspections-k2/src/org/jetbrains/kotlin/idea/codeInsight/inspections/FoldInitializerAndIfToElvisInspection.kt,plugins/kotlin/idea/tests/testData/inspectionsLocal/foldInitializerAndIfToElvis,kotlin,plugins/kotlin/code-insight/inspections-k2/resources/intellij.kotlin.codeInsight.inspections.xml
IfThenToElvis,If-Then foldable to '?:',Style issues,:rules:kotlin:style-issues,in,WEAK WARNING,true,types,"calls `prepareIfThenToElvisInspectionData`, which uses the Analysis API",ported: `IfThenToElvis`,org.jetbrains.kotlin.idea.codeInsight.inspections.IfThenToElvisInspection,plugins/kotlin/code-insight/inspections-k2/src/org/jetbrains/kotlin/idea/codeInsight/inspections/IfThenToElvisInspection.kt,plugins/kotlin/idea/tests/testData/inspectionsLocal/branched/ifThenToElvis,kotlin,plugins/kotlin/code-insight/inspections-k2/resources/intellij.kotlin.codeInsight.inspections.xml
IfThenToSafeAccess,If-Then foldable to '?.',Style issues,:rules:kotlin:style-issues,in,WEAK WARNING,true,types,"calls `prepareIfThenTransformationStrategy`, which uses the Analysis API",ported: `IfThenToSafeAccess`,org.jetbrains.kotlin.idea.codeInsight.inspections.IfThenToSafeAccessInspection,plugins/kotlin/code-insight/inspections-k2/src/org/jetbrains/kotlin/idea/codeInsight/inspections/IfThenToSafeAccessInspection.kt,plugins/kotlin/idea/tests/testData/inspectionsLocal/branched/ifThenToSafeAccess,kotlin,plugins/kotlin/code-insight/inspections-k2/resources/intellij.kotlin.codeInsight.inspections.xml
ImplicitThis,Implicit 'this',Style issues,:rules:kotlin:style-issues,in,INFORMATION,true,types,"calls `getImplicitReceiverInfo`, which uses the Analysis API",ported: `ImplicitThis`,org.jetbrains.kotlin.idea.codeInsight.inspections.ImplicitThisInspection,plugins/kotlin/code-insight/inspections-k2/src/org/jetbrains/kotlin/idea/codeInsight/inspections/ImplicitThisInspection.kt,plugins/kotlin/idea/tests/testData/inspectionsLocal/implicitThis,kotlin,plugins/kotlin/code-insight/inspections-k2/resources/intellij.kotlin.codeInsight.inspections.xml
IntroduceWhenSubject,'when' that can be simplified by introducing an argument,Style issues,:rules:kotlin:style-issues,in,WEAK WARNING,true,types,uses the Analysis API (`analyze(`),ported: `IntroduceWhenSubject`,org.jetbrains.kotlin.idea.codeInsight.inspections.IntroduceWhenSubjectInspection,plugins/kotlin/code-insight/inspections-k2/src/org/jetbrains/kotlin/idea/codeInsight/inspections/IntroduceWhenSubjectInspection.kt,plugins/kotlin/idea/tests/testData/inspectionsLocal/branched/introduceWhenSubject,kotlin,plugins/kotlin/code-insight/inspections-k2/resources/intellij.kotlin.codeInsight.inspections.xml
JavaMapForEach,Java Map.forEach method call should be replaced with Kotlin's forEach,Style issues,:rules:kotlin:style-issues,in,WEAK WARNING,true,types,resolves calls,ported: `JavaMapForEach`,org.jetbrains.kotlin.idea.codeInsight.inspections.JavaMapForEachInspection,plugins/kotlin/code-insight/inspections-k2/src/org/jetbrains/kotlin/idea/codeInsight/inspections/JavaMapForEachInspection.kt,plugins/kotlin/idea/tests/testData/inspectionsLocal/javaMapForEach,kotlin,plugins/kotlin/code-insight/inspections-k2/resources/intellij.kotlin.codeInsight.inspections.xml
JoinDeclarationAndAssignment,Join declaration and assignment,Style issues,:rules:kotlin:style-issues,in,WEAK WARNING,true,types,resolves calls,ported: `JoinDeclarationAndAssignment`,org.jetbrains.kotlin.idea.codeInsight.inspections.JoinDeclarationAndAssignmentInspection,plugins/kotlin/code-insight/inspections-k2/src/org/jetbrains/kotlin/idea/codeInsight/inspections/JoinDeclarationAndAssignmentInspection.kt,plugins/kotlin/idea/tests/testData/inspectionsLocal/joinDeclarationAndAssignment,kotlin,plugins/kotlin/code-insight/inspections-k2/resources/intellij.kotlin.codeInsight.inspections.xml
LiftReturnOrAssignment,Return or assignment can be lifted out,Style issues,:rules:kotlin:style-issues,in,WEAK WARNING,true,types,uses the Analysis API (`analyze(`),,org.jetbrains.kotlin.idea.codeInsight.inspections.LiftReturnOrAssignmentInspection,plugins/kotlin/code-insight/inspections-k2/src/org/jetbrains/kotlin/idea/codeInsight/inspections/LiftReturnOrAssignmentInspection.kt,plugins/kotlin/code-insight/inspections-k2/tests/testData/inspectionsLocal/liftOut/liftToAssignment;plugins/kotlin/idea/tests/testData/inspectionsLocal/liftOut/ifToAssignment;plugins/kotlin/idea/tests/testData/inspectionsLocal/liftOut/ifToReturn;plugins/kotlin/idea/tests/testData/inspectionsLocal/liftOut/tryToAssignment;plugins/kotlin/idea/tests/testData/inspectionsLocal/liftOut/tryToReturn;plugins/kotlin/idea/tests/testData/inspectionsLocal/liftOut/whenToAssignment;plugins/kotlin/idea/tests/testData/inspectionsLocal/liftOut/whenToReturn,kotlin,plugins/kotlin/code-insight/inspections-k2/resources/intellij.kotlin.codeInsight.inspections.xml
MapGetWithNotNullAssertionOperator,'map.get()' with not-null assertion operator (!!),Style issues,:rules:kotlin:style-issues,in,INFORMATION,true,types,resolves calls,,org.jetbrains.kotlin.idea.codeInsight.inspections.MapGetWithNotNullAssertionOperatorInspection,plugins/kotlin/code-insight/inspections-k2/src/org/jetbrains/kotlin/idea/codeInsight/inspections/MapGetWithNotNullAssertionOperatorInspection.kt,plugins/kotlin/idea/tests/testData/inspectionsLocal/mapGetWithNotNullAssertionOperator,kotlin,plugins/kotlin/code-insight/inspections-k2/resources/intellij.kotlin.codeInsight.inspections.xml
MapToForEach,'map' call can be replaced with 'forEach',Style issues,:rules:kotlin:style-issues,in,WEAK WARNING,true,types,reads compiler diagnostics,,org.jetbrains.kotlin.idea.codeInsight.inspections.MapToForEachInspection,plugins/kotlin/code-insight/inspections-k2/src/org/jetbrains/kotlin/idea/codeInsight/inspections/MapToForEachInspection.kt,plugins/kotlin/idea/tests/testData/inspectionsLocal/mapToForEach,kotlin,plugins/kotlin/code-insight/inspections-k2/resources/intellij.kotlin.codeInsight.inspections.xml
MayBeConstant,Might be 'const',Style issues,:rules:kotlin:style-issues,in,WEAK WARNING,true,types,reads compiler diagnostics,,org.jetbrains.kotlin.idea.codeInsight.inspections.MayBeConstantInspection,plugins/kotlin/code-insight/inspections-k2/src/org/jetbrains/kotlin/idea/codeInsight/inspections/MayBeConstantInspection.kt,plugins/kotlin/idea/tests/testData/inspectionsLocal/mayBeConstant,kotlin,plugins/kotlin/code-insight/inspections-k2/resources/intellij.kotlin.codeInsight.inspections.xml
MemberVisibilityCanBePrivate,Class member can have 'private' visibility,Style issues,:rules:kotlin:style-issues,in,WEAK WARNING,false,not-portable,searches references in the project index,,org.jetbrains.kotlin.idea.codeInsight.inspections.K2MemberVisibilityCanBePrivateInspection,plugins/kotlin/code-insight/inspections-k2/src/org/jetbrains/kotlin/idea/codeInsight/inspections/K2MemberVisibilityCanBePrivateInspection.kt,plugins/kotlin/idea/tests/testData/inspections/memberVisibilityCanBePrivate,kotlin,plugins/kotlin/code-insight/inspections-k2/resources/intellij.kotlin.codeInsight.inspections.xml
MoveLambdaOutsideParentheses,Lambda argument inside parentheses,Style issues,:rules:kotlin:style-issues,in,WEAK WARNING,true,types,resolves the call to check overloads,,org.jetbrains.kotlin.idea.codeInsight.inspections.MoveLambdaOutsideParenthesesInspection,plugins/kotlin/code-insight/inspections-k2/src/org/jetbrains/kotlin/idea/codeInsight/inspections/MoveLambdaOutsideParenthesesInspection.kt,plugins/kotlin/idea/tests/testData/inspectionsLocal/moveLambdaOutsideParentheses,kotlin,plugins/kotlin/code-insight/inspections-k2/resources/intellij.kotlin.codeInsight.inspections.xml
MoveVariableDeclarationIntoWhen,Variable declaration could be moved into 'when',Style issues,:rules:kotlin:style-issues,in,WEAK WARNING,true,psi,uses only the PSI of one file,,org.jetbrains.kotlin.idea.codeInsight.inspections.MoveVariableDeclarationIntoWhenInspection,plugins/kotlin/code-insight/inspections-k2/src/org/jetbrains/kotlin/idea/codeInsight/inspections/MoveVariableDeclarationIntoWhenInspection.kt,plugins/kotlin/code-insight/inspections-k2/tests/testData/inspectionsLocal/moveVariableDeclarationIntoWhen,kotlin,plugins/kotlin/code-insight/inspections-k2/resources/intellij.kotlin.codeInsight.inspections.xml
NestedLambdaShadowedImplicitParameter,Nested lambda has shadowed implicit parameter,Style issues,:rules:kotlin:style-issues,in,WEAK WARNING,true,types,matches resolved callables,,org.jetbrains.kotlin.idea.codeInsight.inspections.NestedLambdaShadowedImplicitParameterInspection,plugins/kotlin/code-insight/inspections-k2/src/org/jetbrains/kotlin/idea/codeInsight/inspections/NestedLambdaShadowedImplicitParameterInspection.kt,plugins/kotlin/idea/tests/testData/inspectionsLocal/nestedLambdaShadowedImplicitParameter,kotlin,plugins/kotlin/code-insight/inspections-k2/resources/intellij.kotlin.codeInsight.inspections.xml
NullableBooleanElvis,Equality check can be used instead of elvis for nullable boolean check,Style issues,:rules:kotlin:style-issues,in,INFORMATION,true,types,reads expression types,,org.jetbrains.kotlin.idea.codeInsight.inspections.NullableBooleanElvisInspection,plugins/kotlin/code-insight/inspections-k2/src/org/jetbrains/kotlin/idea/codeInsight/inspections/NullableBooleanElvisInspection.kt,plugins/kotlin/idea/tests/testData/inspectionsLocal/nullableBooleanElvis,kotlin,plugins/kotlin/code-insight/inspections-k2/resources/intellij.kotlin.codeInsight.inspections.xml
NullableHashCode,Nullable value 'hashCode()' can be simplified,Style issues,:rules:kotlin:style-issues,in,WEAK WARNING,true,types,reads expression types,,org.jetbrains.kotlin.idea.codeInsight.inspections.NullableHashCodeInspection,plugins/kotlin/code-insight/inspections-k2/src/org/jetbrains/kotlin/idea/codeInsight/inspections/NullableHashCodeInspection.kt,plugins/kotlin/idea/tests/testData/inspectionsLocal/nullableHashCode,kotlin,plugins/kotlin/code-insight/inspections-k2/resources/intellij.kotlin.codeInsight.inspections.xml
ObjectLiteralToLambda,Object literal can be converted to lambda,Style issues,:rules:kotlin:style-issues,in,WEAK WARNING,true,types,resolves calls,,org.jetbrains.kotlin.idea.codeInsight.inspections.ObjectLiteralToLambdaInspection,plugins/kotlin/code-insight/inspections-k2/src/org/jetbrains/kotlin/idea/codeInsight/inspections/ObjectLiteralToLambdaInspection.kt,plugins/kotlin/code-insight/inspections-k2/tests/testData/inspectionsLocal/objectLiteralToLambda,kotlin,plugins/kotlin/code-insight/inspections-k2/resources/intellij.kotlin.codeInsight.inspections.xml
ProtectedInFinal,'protected' visibility is effectively 'private' in a final class,Style issues,:rules:kotlin:style-issues,in,WEAK WARNING,true,types,reads declaration symbols,,org.jetbrains.kotlin.idea.codeInsight.inspections.ProtectedInFinalInspection,plugins/kotlin/code-insight/inspections-k2/src/org/jetbrains/kotlin/idea/codeInsight/inspections/ProtectedInFinalInspection.kt,plugins/kotlin/code-insight/inspections-k2/tests/testData/inspectionsLocal/protectedInFinal;plugins/kotlin/idea/tests/testData/inspections/protectedInFinal,kotlin,plugins/kotlin/code-insight/inspections-k2/resources/intellij.kotlin.codeInsight.inspections.xml
RedundantAsSequence,Redundant 'asSequence' call,Style issues,:rules:kotlin:style-issues,in,WEAK WARNING,true,types,resolves calls,,org.jetbrains.kotlin.idea.codeInsight.inspections.expressions.RedundantAsSequenceInspection,plugins/kotlin/code-insight/inspections-k2/src/org/jetbrains/kotlin/idea/codeInsight/inspections/expressions/RedundantAsSequenceInspection.kt,plugins/kotlin/idea/tests/testData/inspectionsLocal/collections/redundantAsSequence,kotlin,plugins/kotlin/code-insight/inspections-k2/resources/intellij.kotlin.codeInsight.inspections.xml
RedundantElseInIf,Redundant 'else',Style issues,:rules:kotlin:style-issues,in,INFORMATION,true,types,reads expression types,ported: `RedundantElseInIf`,org.jetbrains.kotlin.idea.codeInsight.inspections.RedundantElseInIfInspection,plugins/kotlin/code-insight/inspections-k2/src/org/jetbrains/kotlin/idea/codeInsight/inspections/RedundantElseInIfInspection.kt,plugins/kotlin/idea/tests/testData/inspectionsLocal/redundantElseInIf,kotlin,plugins/kotlin/code-insight/inspections-k2/resources/intellij.kotlin.codeInsight.inspections.xml
RedundantObjectTypeCheck,Non-idiomatic 'is' type check for an object,Style issues,:rules:kotlin:style-issues,in,INFORMATION,true,types,reads declaration symbols,ported: `RedundantObjectTypeCheck`,org.jetbrains.kotlin.idea.codeInsight.inspections.RedundantObjectTypeCheckInspection,plugins/kotlin/code-insight/inspections-k2/src/org/jetbrains/kotlin/idea/codeInsight/inspections/RedundantObjectTypeCheckInspection.kt,plugins/kotlin/idea/tests/testData/inspectionsLocal/redundantObjectTypeCheck,kotlin,plugins/kotlin/code-insight/inspections-k2/resources/intellij.kotlin.codeInsight.inspections.xml
RedundantRunCatching,Redundant 'runCatching' call,Style issues,:rules:kotlin:style-issues,in,WEAK WARNING,true,types,resolves calls,ported: `RedundantRunCatching`,org.jetbrains.kotlin.idea.codeInsight.inspections.RedundantRunCatchingInspection,plugins/kotlin/code-insight/inspections-k2/src/org/jetbrains/kotlin/idea/codeInsight/inspections/RedundantRunCatchingInspection.kt,plugins/kotlin/idea/tests/testData/inspectionsLocal/coroutines/redundantRunCatching,kotlin,plugins/kotlin/code-insight/inspections-k2/resources/intellij.kotlin.codeInsight.inspections.xml
RemoveEmptyParenthesesFromAnnotationEntry,Redundant parentheses in annotation,Style issues,:rules:kotlin:style-issues,in,WEAK WARNING,true,types,reads declaration symbols,ported: `RemoveEmptyParenthesesFromAnnotationEntry`,org.jetbrains.kotlin.idea.codeInsight.inspections.RemoveEmptyParenthesesFromAnnotationEntryInspection,plugins/kotlin/code-insight/inspections-k2/src/org/jetbrains/kotlin/idea/codeInsight/inspections/RemoveEmptyParenthesesFromAnnotationEntryInspection.kt,plugins/kotlin/idea/tests/testData/inspectionsLocal/removeEmptyParenthesesFromAnnotationEntry,kotlin,plugins/kotlin/code-insight/inspections-k2/resources/intellij.kotlin.codeInsight.inspections.xml
RemoveUnnecessaryParentheses,Redundant parentheses,Style issues,:rules:kotlin:style-issues,in,INFORMATION,true,psi,uses only the PSI of one file,covered: detekt `style:UnnecessaryParentheses`,org.jetbrains.kotlin.idea.codeInsight.inspections.RemoveUnnecessaryParenthesesInspection,plugins/kotlin/code-insight/inspections-k2/src/org/jetbrains/kotlin/idea/codeInsight/inspections/RemoveUnnecessaryParenthesesInspection.kt,plugins/kotlin/code-insight/inspections-k2/tests/testData/inspections/removeUnnecessaryParentheses;plugins/kotlin/code-insight/inspections-k2/tests/testData/inspectionsLocal/removeUnnecessaryParentheses,kotlin,plugins/kotlin/code-insight/inspections-k2/resources/intellij.kotlin.codeInsight.inspections.xml
ReplaceAddAllWithMapTo,'addAll(map/filter {})' can be replaced with 'mapTo/filterTo',Style issues,:rules:kotlin:style-issues,in,INFORMATION,true,types,resolves calls,ported: `ReplaceAddAllWithMapTo`,org.jetbrains.kotlin.idea.codeInsight.inspections.ReplaceAddAllWithMapToInspection,plugins/kotlin/code-insight/inspections-k2/src/org/jetbrains/kotlin/idea/codeInsight/inspections/ReplaceAddAllWithMapToInspection.kt,plugins/kotlin/idea/tests/testData/inspectionsLocal/replaceAddAllWithMapTo,kotlin,plugins/kotlin/code-insight/inspections-k2/resources/intellij.kotlin.codeInsight.inspections.xml
ReplaceArrayOfWithLiteral,'arrayOf' call can be replaced with array literal [...],Style issues,:rules:kotlin:style-issues,in,WEAK WARNING,true,types,"calls `isArrayOfFunction`, which uses the Analysis API",covered: detekt `style:UseArrayLiteralsInAnnotations`,org.jetbrains.kotlin.idea.codeInsight.inspections.ReplaceArrayOfWithLiteralInspection,plugins/kotlin/code-insight/inspections-k2/src/org/jetbrains/kotlin/idea/codeInsight/inspections/ReplaceArrayOfWithLiteralInspection.kt,plugins/kotlin/idea/tests/testData/inspectionsLocal/replaceArrayOfWithLiteral,kotlin,plugins/kotlin/code-insight/inspections-k2/resources/intellij.kotlin.codeInsight.inspections.xml
ReplaceAssertBooleanWithAssertEquality,Assert boolean could be replaced with assert equality,Style issues,:rules:kotlin:style-issues,in,WEAK WARNING,true,types,resolves calls,ported: `ReplaceAssertBooleanWithAssertEquality`,org.jetbrains.kotlin.idea.codeInsight.inspections.ReplaceAssertBooleanWithAssertEqualityInspection,plugins/kotlin/code-insight/inspections-k2/src/org/jetbrains/kotlin/idea/codeInsight/inspections/ReplaceAssertBooleanWithAssertEqualityInspection.kt,plugins/kotlin/code-insight/inspections-k2/tests/testData/inspectionsLocal/replaceAssertBooleanWithAssertEquality,kotlin,plugins/kotlin/code-insight/inspections-k2/resources/intellij.kotlin.codeInsight.inspections.xml
ReplaceAssociateFunction,'associate' can be replaced with 'associateBy' or 'associateWith',Style issues,:rules:kotlin:style-issues,in,WEAK WARNING,true,types,reads declaration symbols,ported: `ReplaceAssociateFunction`,org.jetbrains.kotlin.idea.codeInsight.inspections.ReplaceAssociateFunctionInspection,plugins/kotlin/code-insight/inspections-k2/src/org/jetbrains/kotlin/idea/codeInsight/inspections/ReplaceAssociateFunctionInspection.kt,plugins/kotlin/code-insight/inspections-k2/tests/testData/inspectionsLocal/replaceAssociateFunction,kotlin,plugins/kotlin/code-insight/inspections-k2/resources/intellij.kotlin.codeInsight.inspections.xml
ReplaceCallWithBinaryOperator,Can be replaced with binary operator,Style issues,:rules:kotlin:style-issues,in,WEAK WARNING,true,types,resolves calls,ported: `ReplaceCallWithBinaryOperator`,org.jetbrains.kotlin.idea.codeInsight.inspections.expressions.ReplaceCallWithBinaryOperatorInspection,plugins/kotlin/code-insight/inspections-k2/src/org/jetbrains/kotlin/idea/codeInsight/inspections/expressions/ReplaceCallWithBinaryOperatorInspection.kt,plugins/kotlin/code-insight/inspections-k2/tests/testData/inspectionsLocal/replaceCallWithBinaryOperator,kotlin,plugins/kotlin/code-insight/inspections-k2/resources/intellij.kotlin.codeInsight.inspections.xml
ReplaceCollectionCountWithSize,Collection count can be converted to size,Style issues,:rules:kotlin:style-issues,in,WEAK WARNING,false,types,resolves calls,ported: `ReplaceCollectionCountWithSize`,org.jetbrains.kotlin.idea.codeInsight.inspections.expressions.ReplaceCollectionCountWithSizeInspection,plugins/kotlin/code-insight/inspections-k2/src/org/jetbrains/kotlin/idea/codeInsight/inspections/expressions/ReplaceCollectionCountWithSizeInspection.kt,plugins/kotlin/idea/tests/testData/inspectionsLocal/replaceCollectionCountWithSize,kotlin,plugins/kotlin/code-insight/inspections-k2/resources/intellij.kotlin.codeInsight.inspections.xml
ReplaceContains,Replace 'contains' call with 'in' operator,Style issues,:rules:kotlin:style-issues,in,INFORMATION,true,types,resolves calls,ported: `ReplaceContains`,org.jetbrains.kotlin.idea.codeInsight.inspections.ReplaceContainsInspection,plugins/kotlin/code-insight/inspections-k2/src/org/jetbrains/kotlin/idea/codeInsight/inspections/ReplaceContainsInspection.kt,plugins/kotlin/code-insight/inspections-k2/tests/testData/inspectionsLocal/replaceContains,kotlin,plugins/kotlin/code-insight/inspections-k2/resources/intellij.kotlin.codeInsight.inspections.xml
ReplaceGetOrSet,Explicit 'get' or 'set' call,Style issues,:rules:kotlin:style-issues,in,WEAK WARNING,true,types,resolves calls,covered: detekt `style:ExplicitCollectionElementAccessMethod`,org.jetbrains.kotlin.idea.codeInsight.inspections.ReplaceGetOrSetInspection,plugins/kotlin/code-insight/inspections-k2/src/org/jetbrains/kotlin/idea/codeInsight/inspections/ReplaceGetOrSetInspection.kt,plugins/kotlin/idea/tests/testData/inspectionsLocal/conventionNameCalls/replaceGetOrSet,kotlin,plugins/kotlin/code-insight/inspections-k2/resources/intellij.kotlin.codeInsight.inspections.xml
ReplaceGuardClauseWithFunctionCall,Guard clause can be replaced with Kotlin's function call,Style issues,:rules:kotlin:style-issues,in,INFORMATION,true,types,resolves calls,"covered: detekt `style:UseRequire`, `UseCheckOrError`",org.jetbrains.kotlin.idea.codeInsight.inspections.ReplaceGuardClauseWithFunctionCallInspection,plugins/kotlin/code-insight/inspections-k2/src/org/jetbrains/kotlin/idea/codeInsight/inspections/ReplaceGuardClauseWithFunctionCallInspection.kt,plugins/kotlin/idea/tests/testData/inspectionsLocal/replaceGuardClauseWithFunctionCall,kotlin,plugins/kotlin/code-insight/inspections-k2/resources/intellij.kotlin.codeInsight.inspections.xml
ReplaceIfExpressionWithFirstOrNull,'if' expression can be replaced with 'firstOrNull()',Style issues,:rules:kotlin:style-issues,in,WEAK WARNING,true,types,resolves calls,ported: `ReplaceIfExpressionWithFirstOrNull`,org.jetbrains.kotlin.idea.codeInsight.inspections.expressions.ReplaceIfExpressionWithFirstOrNullInspection,plugins/kotlin/code-insight/inspections-k2/src/org/jetbrains/kotlin/idea/codeInsight/inspections/expressions/ReplaceIfExpressionWithFirstOrNullInspection.kt,plugins/kotlin/idea/tests/testData/inspectionsLocal/replaceIfExpressionWithFirstOrNull,kotlin,plugins/kotlin/code-insight/inspections-k2/resources/intellij.kotlin.codeInsight.inspections.xml
ReplaceIsEmptyWithIfEmpty,'if' condition can be replaced with lambda call,Style issues,:rules:kotlin:style-issues,in,WEAK WARNING,true,types,resolves calls,covered: detekt `style:UseIfEmptyOrIfBlank`,org.jetbrains.kotlin.idea.codeInsight.inspections.ReplaceIsEmptyWithIfEmptyInspection,plugins/kotlin/code-insight/inspections-k2/src/org/jetbrains/kotlin/idea/codeInsight/inspections/ReplaceIsEmptyWithIfEmptyInspection.kt,plugins/kotlin/idea/tests/testData/inspectionsLocal/replaceIsEmptyWithIfEmpty,kotlin,plugins/kotlin/code-insight/inspections-k2/resources/intellij.kotlin.codeInsight.inspections.xml
ReplaceJavaStaticMethodWithKotlinAnalog,Java methods should be replaced with Kotlin analog,Style issues,:rules:kotlin:style-issues,in,WEAK WARNING,true,types,reads declaration symbols,ported: `ReplaceJavaStaticMethodWithKotlinAnalog`,org.jetbrains.kotlin.idea.codeInsight.inspections.jdk2k.ReplaceJavaStaticMethodWithKotlinAnalogInspection,plugins/kotlin/code-insight/inspections-k2/src/org/jetbrains/kotlin/idea/codeInsight/inspections/jdk2k/ReplaceJavaStaticMethodWithKotlinAnalogInspection.kt,plugins/kotlin/idea/tests/testData/inspectionsLocal/replaceJavaStaticMethodWithKotlinAnalog,kotlin,plugins/kotlin/code-insight/inspections-k2/resources/intellij.kotlin.codeInsight.inspections.xml
ReplaceManualRangeWithIndicesCalls,Range can be converted to indices or iteration,Style issues,:rules:kotlin:style-issues,in,WEAK WARNING,true,types,searches references of a loop parameter only,ported: `ReplaceManualRangeWithIndicesCalls`,org.jetbrains.kotlin.idea.codeInsight.inspections.ReplaceManualRangeWithIndicesCallsInspection,plugins/kotlin/code-insight/inspections-k2/src/org/jetbrains/kotlin/idea/codeInsight/inspections/ReplaceManualRangeWithIndicesCallsInspection.kt,plugins/kotlin/idea/tests/testData/inspectionsLocal/replaceManualRangeWithIndicesCalls,kotlin,plugins/kotlin/code-insight/inspections-k2/resources/intellij.kotlin.codeInsight.inspections.xml
ReplaceMapGetOrDefault,'map.getOrDefault()' can be replaced with indexing and elvis operator,Style issues,:rules:kotlin:style-issues,in,INFORMATION,true,types,resolves calls,,org.jetbrains.kotlin.idea.codeInsight.inspections.ReplaceMapGetOrDefaultInspection,plugins/kotlin/code-insight/inspections-k2/src/org/jetbrains/kotlin/idea/codeInsight/inspections/ReplaceMapGetOrDefaultInspection.kt,plugins/kotlin/code-insight/inspections-k2/tests/testData/inspectionsLocal/replaceMapGetOrDefault,kotlin,plugins/kotlin/code-insight/inspections-k2/resources/intellij.kotlin.codeInsight.inspections.xml
ReplaceMapIndexedWithListGenerator,Replace 'mapIndexed' with List generator,Style issues,:rules:kotlin:style-issues,in,WEAK WARNING,true,types,resolves calls,,org.jetbrains.kotlin.idea.codeInsight.inspections.ReplaceMapIndexedWithListGeneratorInspection,plugins/kotlin/code-insight/inspections-k2/src/org/jetbrains/kotlin/idea/codeInsight/inspections/ReplaceMapIndexedWithListGeneratorInspection.kt,plugins/kotlin/code-insight/inspections-k2/tests/testData/inspectionsLocal/replaceMapIndexedWithListGenerator,kotlin,plugins/kotlin/code-insight/inspections-k2/resources/intellij.kotlin.codeInsight.inspections.xml
ReplaceMapKeysCallChainWithKeys,Replace 'map { it.key }.toSet()' with 'keys',Style issues,:rules:kotlin:style-issues,in,INFORMATION,true,types,resolves calls,,org.jetbrains.kotlin.idea.codeInsight.inspections.ReplaceMapKeysCallChainWithKeysInspection,plugins/kotlin/code-insight/inspections-k2/src/org/jetbrains/kotlin/idea/codeInsight/inspections/ReplaceMapKeysCallChainWithKeysInspection.kt,plugins/kotlin/code-insight/inspections-k2/tests/testData/inspectionsLocal/replaceMapKeysCallChainWithKeys,kotlin,plugins/kotlin/code-insight/inspections-k2/resources/intellij.kotlin.codeInsight.inspections.xml
ReplaceNegatedIsEmptyWithIsNotEmpty,Negated call can be simplified,Style issues,:rules:kotlin:style-issues,in,WEAK WARNING,true,types,matches resolved callables,,org.jetbrains.kotlin.idea.codeInsight.inspections.ReplaceNegatedIsEmptyWithIsNotEmptyInspection,plugins/kotlin/code-insight/inspections-k2/src/org/jetbrains/kotlin/idea/codeInsight/inspections/ReplaceNegatedIsEmptyWithIsNotEmptyInspection.kt,plugins/kotlin/idea/tests/testData/inspectionsLocal/replaceNegatedIsEmptyWithIsNotEmpty,kotlin,plugins/kotlin/code-insight/inspections-k2/resources/intellij.kotlin.codeInsight.inspections.xml
ReplaceNotNullAssertionWithElvisReturn,Not-null assertion can be replaced with 'return',Style issues,:rules:kotlin:style-issues,in,WEAK WARNING,false,types,reads compiler diagnostics,,org.jetbrains.kotlin.idea.codeInsight.inspections.ReplaceNotNullAssertionWithElvisReturnInspection,plugins/kotlin/code-insight/inspections-k2/src/org/jetbrains/kotlin/idea/codeInsight/inspections/ReplaceNotNullAssertionWithElvisReturnInspection.kt,plugins/kotlin/idea/tests/testData/inspectionsLocal/replaceNotNullAssertionWithElvisReturn,kotlin,plugins/kotlin/code-insight/inspections-k2/resources/intellij.kotlin.codeInsight.inspections.xml
ReplacePutWithAssignment,'map.put()' can be converted to assignment,Style issues,:rules:kotlin:style-issues,in,WEAK WARNING,true,types,resolves calls,,org.jetbrains.kotlin.idea.codeInsight.inspections.ReplacePutWithAssignmentInspection,plugins/kotlin/code-insight/inspections-k2/src/org/jetbrains/kotlin/idea/codeInsight/inspections/ReplacePutWithAssignmentInspection.kt,plugins/kotlin/idea/tests/testData/inspectionsLocal/replacePutWithAssignment,kotlin,plugins/kotlin/code-insight/inspections-k2/resources/intellij.kotlin.codeInsight.inspections.xml
ReplaceRangeStartEndInclusiveWithFirstLast,Boxed properties should be replaced with unboxed,Style issues,:rules:kotlin:style-issues,in,WEAK WARNING,true,types,reads expression types,,org.jetbrains.kotlin.idea.codeInsight.inspections.ReplaceRangeStartEndInclusiveWithFirstLastInspection,plugins/kotlin/code-insight/inspections-k2/src/org/jetbrains/kotlin/idea/codeInsight/inspections/ReplaceRangeStartEndInclusiveWithFirstLastInspection.kt,plugins/kotlin/idea/tests/testData/inspectionsLocal/replaceRangeStartEndInclusiveWithFirstLast,kotlin,plugins/kotlin/code-insight/inspections-k2/resources/intellij.kotlin.codeInsight.inspections.xml
ReplaceRangeToWithRangeUntil,'rangeTo' or the '..' call should be replaced with '..<',Style issues,:rules:kotlin:style-issues,in,WEAK WARNING,true,types,resolves calls,,org.jetbrains.kotlin.idea.codeInsight.inspections.ReplaceRangeToWithRangeUntilInspection,plugins/kotlin/code-insight/inspections-k2/src/org/jetbrains/kotlin/idea/codeInsight/inspections/ReplaceRangeToWithUntilInspection.kt,plugins/kotlin/code-insight/inspections-k2/tests/testData/inspections/replaceRangeToWithRangeUntil;plugins/kotlin/code-insight/inspections-k2/tests/testData/inspectionsLocal/replaceRangeToWithRangeUntil,kotlin,plugins/kotlin/code-insight/inspections-k2/resources/intellij.kotlin.codeInsight.inspections.xml
ReplaceRangeToWithUntil,'rangeTo' or the '..' call should be replaced with 'until',Style issues,:rules:kotlin:style-issues,in,WEAK WARNING,true,types,resolves calls,,org.jetbrains.kotlin.idea.codeInsight.inspections.ReplaceRangeToWithUntilInspection,plugins/kotlin/code-insight/inspections-k2/src/org/jetbrains/kotlin/idea/codeInsight/inspections/ReplaceRangeToWithUntilInspection.kt,plugins/kotlin/code-insight/inspections-k2/tests/testData/inspections/replaceRangeToWithUntil;plugins/kotlin/code-insight/inspections-k2/tests/testData/inspectionsLocal/replaceRangeToWithUntil,kotlin,plugins/kotlin/code-insight/inspections-k2/resources/intellij.kotlin.codeInsight.inspections.xml
ReplaceReadLineWithReadln,'readLine' can be replaced with 'readln' or 'readlnOrNull',Style issues,:rules:kotlin:style-issues,in,WEAK WARNING,true,types,reads declaration symbols,,org.jetbrains.kotlin.idea.codeInsight.inspections.ReplaceReadLineWithReadlnInspection,plugins/kotlin/code-insight/inspections-k2/src/org/jetbrains/kotlin/idea/codeInsight/inspections/ReplaceReadLineWithReadlnInspection.kt,plugins/kotlin/code-insight/inspections-k2/tests/testData/inspectionsLocal/replaceReadLineWithReadln,kotlin,plugins/kotlin/code-insight/inspections-k2/resources/intellij.kotlin.codeInsight.inspections.xml
ReplaceSizeCheckWithIsNotEmpty,Size check can be replaced with 'isNotEmpty()',Style issues,:rules:kotlin:style-issues,in,WEAK WARNING,true,types,reads declaration symbols,,org.jetbrains.kotlin.idea.codeInsight.inspections.expressions.ReplaceSizeCheckWithIsNotEmptyInspection,plugins/kotlin/code-insight/inspections-k2/src/org/jetbrains/kotlin/idea/codeInsight/inspections/expressions/ReplaceSizeCheckWithIsNotEmptyInspection.kt,plugins/kotlin/code-insight/inspections-k2/tests/testData/inspectionsLocal/replaceSizeCheckWithIsNotEmpty;plugins/kotlin/idea/tests/testData/intentions/replaceSizeCheckWithIsNotEmpty,kotlin,plugins/kotlin/code-insight/inspections-k2/resources/intellij.kotlin.codeInsight.inspections.xml
ReplaceSizeZeroCheckWithIsEmpty,Size zero check can be replaced with 'isEmpty()',Style issues,:rules:kotlin:style-issues,in,WEAK WARNING,true,types,reads declaration symbols,,org.jetbrains.kotlin.idea.codeInsight.inspections.expressions.ReplaceSizeZeroCheckWithIsEmptyInspection,plugins/kotlin/code-insight/inspections-k2/src/org/jetbrains/kotlin/idea/codeInsight/inspections/expressions/ReplaceSizeZeroCheckWithIsEmptyInspection.kt,plugins/kotlin/code-insight/inspections-k2/tests/testData/inspectionsLocal/replaceSizeZeroCheckWithIsEmpty,kotlin,plugins/kotlin/code-insight/inspections-k2/resources/intellij.kotlin.codeInsight.inspections.xml
ReplaceStringFormatWithLiteral,'String.format' call can be replaced with string templates,Style issues,:rules:kotlin:style-issues,in,INFORMATION,true,types,reads declaration types,ported: `ReplaceStringFormatWithLiteral`,org.jetbrains.kotlin.idea.codeInsight.inspections.ReplaceStringFormatWithLiteralInspection,plugins/kotlin/code-insight/inspections-k2/src/org/jetbrains/kotlin/idea/codeInsight/inspections/ReplaceStringFormatWithLiteralInspection.kt,plugins/kotlin/idea/tests/testData/inspectionsLocal/replaceStringFormatWithLiteral,kotlin,plugins/kotlin/code-insight/inspections-k2/resources/intellij.kotlin.codeInsight.inspections.xml
ReplaceSubstringWithDropLast,'substring' call should be replaced with 'dropLast' call,Style issues,:rules:kotlin:style-issues,in,INFORMATION,true,types,resolves calls,ported: `ReplaceSubstringWithDropLast`,org.jetbrains.kotlin.idea.codeInsight.inspections.substring.ReplaceSubstringWithDropLastInspection,plugins/kotlin/code-insight/inspections-k2/src/org/jetbrains/kotlin/idea/codeInsight/inspections/substring/ReplaceSubstringWithDropLastInspection.kt,plugins/kotlin/idea/tests/testData/inspectionsLocal/replaceSubstring/withDropLast,kotlin,plugins/kotlin/code-insight/inspections-k2/resources/intellij.kotlin.codeInsight.inspections.xml
ReplaceSubstringWithIndexingOperation,'substring' call should be replaced with indexing operator,Style issues,:rules:kotlin:style-issues,in,INFORMATION,true,types,resolves calls,ported: `ReplaceSubstringWithIndexingOperation`,org.jetbrains.kotlin.idea.codeInsight.inspections.substring.ReplaceSubstringWithIndexingOperationInspection,plugins/kotlin/code-insight/inspections-k2/src/org/jetbrains/kotlin/idea/codeInsight/inspections/substring/ReplaceSubstringWithIndexingOperationInspection.kt,plugins/kotlin/idea/tests/testData/inspectionsLocal/replaceSubstring/withIndexingOperation,kotlin,plugins/kotlin/code-insight/inspections-k2/resources/intellij.kotlin.codeInsight.inspections.xml
ReplaceSubstringWithSubstringAfter,'substring' call should be replaced with 'substringAfter',Style issues,:rules:kotlin:style-issues,in,INFORMATION,true,types,resolves calls,ported: `ReplaceSubstringWithSubstringAfter`,org.jetbrains.kotlin.idea.codeInsight.inspections.substring.ReplaceSubstringWithSubstringAfterInspection,plugins/kotlin/code-insight/inspections-k2/src/org/jetbrains/kotlin/idea/codeInsight/inspections/substring/ReplaceSubstringWithSubstringBeforeAfterIntentions.kt,plugins/kotlin/idea/tests/testData/inspectionsLocal/replaceSubstring/withSubstringAfter,kotlin,plugins/kotlin/code-insight/inspections-k2/resources/intellij.kotlin.codeInsight.inspections.xml
ReplaceSubstringWithSubstringBefore,'substring' call should be replaced with 'substringBefore',Style issues,:rules:kotlin:style-issues,in,INFORMATION,true,types,resolves calls,ported: `ReplaceSubstringWithSubstringBefore`,org.jetbrains.kotlin.idea.codeInsight.inspections.substring.ReplaceSubstringWithSubstringBeforeInspection,plugins/kotlin/code-insight/inspections-k2/src/org/jetbrains/kotlin/idea/codeInsight/inspections/substring/ReplaceSubstringWithSubstringBeforeAfterIntentions.kt,plugins/kotlin/idea/tests/testData/inspectionsLocal/replaceSubstring/withSubstringBefore,kotlin,plugins/kotlin/code-insight/inspections-k2/resources/intellij.kotlin.codeInsight.inspections.xml
ReplaceSubstringWithTake,'substring' call should be replaced with 'take' call,Style issues,:rules:kotlin:style-issues,in,INFORMATION,true,types,resolves calls,ported: `ReplaceSubstringWithTake`,org.jetbrains.kotlin.idea.codeInsight.inspections.substring.ReplaceSubstringWithTakeInspection,plugins/kotlin/code-insight/inspections-k2/src/org/jetbrains/kotlin/idea/codeInsight/inspections/substring/ReplaceSubstringWithTakeInspection.kt,plugins/kotlin/idea/tests/testData/inspectionsLocal/replaceSubstring/withTake,kotlin,plugins/kotlin/code-insight/inspections-k2/resources/intellij.kotlin.codeInsight.inspections.xml
ReplaceToStringWithStringTemplate,Call of 'toString' could be replaced with string template,Style issues,:rules:kotlin:style-issues,in,INFORMATION,true,types,resolves the toString call,ported: `ReplaceToStringWithStringTemplate`,org.jetbrains.kotlin.idea.codeInsight.inspections.ReplaceToStringWithStringTemplateInspection,plugins/kotlin/code-insight/inspections-k2/src/org/jetbrains/kotlin/idea/codeInsight/inspections/ReplaceToStringWithStringTemplateInspection.kt,plugins/kotlin/code-insight/inspections-k2/tests/testData/inspectionsLocal/replaceToStringWithStringTemplate,kotlin,plugins/kotlin/code-insight/inspections-k2/resources/intellij.kotlin.codeInsight.inspections.xml
ReplaceToWithInfixForm,'to' call should be replaced with infix form,Style issues,:rules:kotlin:style-issues,in,WEAK WARNING,true,types,resolves calls,ported: `ReplaceToWithInfixForm`,org.jetbrains.kotlin.idea.codeInsight.inspections.ReplaceToWithInfixFormInspection,plugins/kotlin/code-insight/inspections-k2/src/org/jetbrains/kotlin/idea/codeInsight/inspections/ReplaceToWithInfixFormInspection.kt,plugins/kotlin/idea/tests/testData/inspectionsLocal/replaceToWithInfixForm,kotlin,plugins/kotlin/code-insight/inspections-k2/resources/intellij.kotlin.codeInsight.inspections.xml
ReplaceUntilWithRangeUntil,Replace 'until' with '..<' operator,Style issues,:rules:kotlin:style-issues,in,INFORMATION,true,types,reads declaration symbols,ported: `ReplaceUntilWithRangeUntil`,org.jetbrains.kotlin.idea.codeInsight.inspections.ReplaceUntilWithRangeUntilInspection,plugins/kotlin/code-insight/inspections-k2/src/org/jetbrains/kotlin/idea/codeInsight/inspections/ReplaceUntilWithRangeUntilInspection.kt,plugins/kotlin/idea/tests/testData/inspectionsLocal/replaceUntilWithRangeUntil,kotlin,plugins/kotlin/code-insight/inspections-k2/resources/intellij.kotlin.codeInsight.inspections.xml
ReplaceWithCallWithContextCall,Replace 'with' with 'context',Style issues,:rules:kotlin:style-issues,in,WEAK WARNING,true,types,resolves calls,ported: `ReplaceWithCallWithContextCall`,org.jetbrains.kotlin.idea.codeInsight.inspections.ReplaceWithCallWithContextCallInspection,plugins/kotlin/code-insight/inspections-k2/src/org/jetbrains/kotlin/idea/codeInsight/inspections/ReplaceWithCallWithContextCallInspection.kt,plugins/kotlin/code-insight/inspections-k2/tests/testData/inspectionsLocal/replaceWithCallWithContext,kotlin,plugins/kotlin/code-insight/inspections-k2/resources/intellij.kotlin.codeInsight.inspections.xml
ReplaceWithIgnoreCaseEquals,"Should be replaced with 'equals(..., ignoreCase = true)'",Style issues,:rules:kotlin:style-issues,in,WEAK WARNING,true,types,resolves calls,ported: `ReplaceWithIgnoreCaseEquals`,org.jetbrains.kotlin.idea.codeInsight.inspections.ReplaceWithIgnoreCaseEqualsInspection,plugins/kotlin/code-insight/inspections-k2/src/org/jetbrains/kotlin/idea/codeInsight/inspections/ReplaceWithIgnoreCaseEqualsInspection.kt,plugins/kotlin/idea/tests/testData/inspectionsLocal/replaceWithIgnoreCaseEquals,kotlin,plugins/kotlin/code-insight/inspections-k2/resources/intellij.kotlin.codeInsight.inspections.xml
ReplaceWithImportAlias,Fully qualified name can be replaced with existing import alias,Style issues,:rules:kotlin:style-issues,in,INFORMATION,true,types,resolves calls,ported: `ReplaceWithImportAlias`,org.jetbrains.kotlin.idea.codeInsight.inspections.ReplaceWithImportAliasInspection,plugins/kotlin/code-insight/inspections-k2/src/org/jetbrains/kotlin/idea/codeInsight/inspections/ReplaceWithImportAliasInspection.kt,plugins/kotlin/idea/tests/testData/inspectionsLocal/replaceWithImportAlias,kotlin,plugins/kotlin/code-insight/inspections-k2/resources/intellij.kotlin.codeInsight.inspections.xml
ReplaceWithOperatorAssignment,Assignment can be replaced with operator assignment,Style issues,:rules:kotlin:style-issues,in,WEAK WARNING,true,types,resolves calls,,org.jetbrains.kotlin.idea.codeInsight.inspections.ReplaceWithOperatorAssignmentInspection,plugins/kotlin/code-insight/inspections-k2/src/org/jetbrains/kotlin/idea/codeInsight/inspections/ReplaceWithOperatorAssignmentInspection.kt,plugins/kotlin/idea/tests/testData/inspectionsLocal/replaceWithOperatorAssignment,kotlin,plugins/kotlin/code-insight/inspections-k2/resources/intellij.kotlin.codeInsight.inspections.xml
RevertExplicitBackingFields,Replace explicit backing field with private property,Style issues,:rules:kotlin:style-issues,in,INFORMATION,true,types,resolves calls,,org.jetbrains.kotlin.idea.codeInsight.inspections.RevertExplicitBackingFieldsInspection,plugins/kotlin/code-insight/inspections-k2/src/org/jetbrains/kotlin/idea/codeInsight/inspections/RevertExplicitBackingFieldsInspection.kt,plugins/kotlin/code-insight/inspections-k2/tests/testData/inspectionsLocal/revertExplicitBackingFields,kotlin,plugins/kotlin/code-insight/inspections-k2/resources/intellij.kotlin.codeInsight.inspections.xml
SafeCastWithReturn,Safe cast with 'return' should be replaced with 'if' type check,Style issues,:rules:kotlin:style-issues,in,WEAK WARNING,true,psi,uses only the PSI of one file,,org.jetbrains.kotlin.idea.codeInsight.inspections.SafeCastWithReturnInspection,plugins/kotlin/code-insight/inspections-k2/src/org/jetbrains/kotlin/idea/codeInsight/inspections/SafeCastWithReturnInspection.kt,plugins/kotlin/code-insight/inspections-k2/tests/testData/inspectionsLocal/safeCastWithReturn,kotlin,plugins/kotlin/code-insight/inspections-k2/resources/intellij.kotlin.codeInsight.inspections.xml
SimplifiableCall,Library function call could be simplified,Style issues,:rules:kotlin:style-issues,in,WEAK WARNING,true,types,resolves calls,,org.jetbrains.kotlin.idea.codeInsight.inspections.SimplifiableCallInspection,plugins/kotlin/code-insight/inspections-k2/src/org/jetbrains/kotlin/idea/codeInsight/inspections/SimplifiableCallInspection.kt,plugins/kotlin/idea/tests/testData/inspectionsLocal/collections/simplifiableCall,kotlin,plugins/kotlin/code-insight/inspections-k2/resources/intellij.kotlin.codeInsight.inspections.xml
SimplifiableCallChain,Call chain on collection type can be simplified,Style issues,:rules:kotlin:style-issues,in,WEAK WARNING,true,types,resolves calls,,org.jetbrains.kotlin.idea.codeInsight.inspections.SimplifiableCallChainInspection,plugins/kotlin/code-insight/inspections-k2/src/org/jetbrains/kotlin/idea/codeInsight/inspections/SimplifiableCallChainInspection.kt,plugins/kotlin/idea/tests/testData/inspectionsLocal/collections/simplifiableCallChain,kotlin,plugins/kotlin/code-insight/inspections-k2/resources/intellij.kotlin.codeInsight.inspections.xml
SimplifyAssertNotNull,'assert' call can be replaced with '!!' or '?:',Style issues,:rules:kotlin:style-issues,in,INFORMATION,true,types,resolves calls,,org.jetbrains.kotlin.idea.codeInsight.inspections.SimplifyAssertNotNullInspection,plugins/kotlin/code-insight/inspections-k2/src/org/jetbrains/kotlin/idea/codeInsight/inspections/SimplifyAssertNotNullInspection.kt,plugins/kotlin/idea/tests/testData/inspectionsLocal/simplifyAssertNotNull,kotlin,plugins/kotlin/code-insight/inspections-k2/resources/intellij.kotlin.codeInsight.inspections.xml
SimplifyBooleanWithConstants,Boolean expression can be simplified,Style issues,:rules:kotlin:style-issues,in,WEAK WARNING,true,types,evaluates constants and reads Boolean types,,org.jetbrains.kotlin.idea.codeInsight.inspections.SimplifyBooleanWithConstantsInspection,plugins/kotlin/code-insight/inspections-k2/src/org/jetbrains/kotlin/idea/codeInsight/inspections/SimplifyBooleanWithConstantsInspection.kt,plugins/kotlin/code-insight/inspections-k2/tests/testData/inspectionsLocal/simplifyBooleanWithConstants,kotlin,plugins/kotlin/code-insight/inspections-k2/resources/intellij.kotlin.codeInsight.inspections.xml
SimplifyNegatedBinaryExpression,Negated boolean expression can be simplified,Style issues,:rules:kotlin:style-issues,in,WEAK WARNING,true,types,reads operand types to keep floating-point semantics,,org.jetbrains.kotlin.idea.codeInsight.inspections.SimplifyNegatedBinaryExpressionInspection,plugins/kotlin/code-insight/inspections-k2/src/org/jetbrains/kotlin/idea/codeInsight/inspections/SimplifyNegatedBinaryExpressionInspection.kt,plugins/kotlin/code-insight/inspections-k2/tests/testData/inspectionsLocal/simplifyNegatedBinaryExpression,kotlin,plugins/kotlin/code-insight/inspections-k2/resources/intellij.kotlin.codeInsight.inspections.xml
SimplifyNestedEachInScopeFunction,Scope function with nested forEach can be simplified,Style issues,:rules:kotlin:style-issues,in,WEAK WARNING,true,types,resolves calls,,org.jetbrains.kotlin.idea.codeInsight.inspections.SimplifyNestedEachInScopeFunctionInspection,plugins/kotlin/code-insight/inspections-k2/src/org/jetbrains/kotlin/idea/codeInsight/inspections/SimplifyNestedEachInScopeFunctionInspection.kt,plugins/kotlin/idea/tests/testData/inspectionsLocal/simplifyNestedEachInScope,kotlin,plugins/kotlin/code-insight/inspections-k2/resources/intellij.kotlin.codeInsight.inspections.xml
SortModifiers,Non-canonical modifier order,Style issues,:rules:kotlin:style-issues,in,WEAK WARNING,true,psi,uses only the PSI of one file,,org.jetbrains.kotlin.idea.codeInsight.inspections.SortModifiersInspection,plugins/kotlin/code-insight/inspections-k2/src/org/jetbrains/kotlin/idea/codeInsight/inspections/SortModifiersInspection.kt,plugins/kotlin/code-insight/inspections-k2/tests/testData/inspectionsLocal/sortModifiers,kotlin,plugins/kotlin/code-insight/inspections-k2/resources/intellij.kotlin.codeInsight.inspections.xml
SuspiciousAsDynamic,Suspicious 'asDynamic' member invocation,Style issues,:rules:kotlin:style-issues,in,WEAK WARNING,true,types,reads expression types,,org.jetbrains.kotlin.idea.codeInsight.inspections.SuspiciousAsDynamicInspection,plugins/kotlin/code-insight/inspections-k2/src/org/jetbrains/kotlin/idea/codeInsight/inspections/SuspiciousAsDynamicInspection.kt,plugins/kotlin/code-insight/inspections-k2/tests/testData/inspectionsLocal/suspiciousAsDynamic,kotlin,plugins/kotlin/code-insight/inspections-k2/resources/intellij.kotlin.codeInsight.inspections.xml
TrailingComma,Trailing comma recommendations,Style issues,:rules:kotlin:style-issues,in,WEAK WARNING,true,psi,uses only the PSI of one file,,org.jetbrains.kotlin.idea.codeInsight.inspections.TrailingCommaInspection,plugins/kotlin/code-insight/inspections-k2/src/org/jetbrains/kotlin/idea/codeInsight/inspections/TrailingCommaInspection.kt,plugins/kotlin/code-insight/inspections-k2/tests/testData/inspections/trailingCommaOff;plugins/kotlin/code-insight/inspections-k2/tests/testData/inspections/trailingCommaOn;plugins/kotlin/code-insight/inspections-k2/tests/testData/inspectionsLocal/trailingComma,kotlin,plugins/kotlin/code-insight/inspections-k2/resources/intellij.kotlin.codeInsight.inspections.xml
UnclearPrecedenceOfBinaryExpression,Multiple operators with different precedence,Style issues,:rules:kotlin:style-issues,in,WARNING,true,psi,uses only the PSI of one file,,org.jetbrains.kotlin.idea.codeInsight.inspections.UnclearPrecedenceOfBinaryExpressionInspection,plugins/kotlin/code-insight/inspections-k2/src/org/jetbrains/kotlin/idea/codeInsight/inspections/UnclearPrecedenceOfBinaryExpressionInspection.kt,plugins/kotlin/idea/tests/testData/inspectionsLocal/orInWhenGuard,kotlin,plugins/kotlin/code-insight/inspections-k2/resources/intellij.kotlin.codeInsight.inspections.xml
UnlabeledReturnInsideLambda,Unlabeled return inside lambda,Style issues,:rules:kotlin:style-issues,in,INFORMATION,true,types,reads compiler diagnostics,,org.jetbrains.kotlin.idea.codeInsight.inspections.UnlabeledReturnInsideLambdaInspection,plugins/kotlin/code-insight/inspections-k2/src/org/jetbrains/kotlin/idea/codeInsight/inspections/UnlabeledReturnInsideLambdaInspection.kt,plugins/kotlin/idea/tests/testData/inspectionsLocal/unlabeledReturnInsideLambda,kotlin,plugins/kotlin/code-insight/inspections-k2/resources/intellij.kotlin.codeInsight.inspections.xml
UnsafeCastWithReturn,Unsafe cast with 'return' should be replaced with the safe one,Style issues,:rules:kotlin:style-issues,in,WARNING,true,psi,uses only the PSI of one file,,org.jetbrains.kotlin.idea.codeInsight.inspections.UnsafeCastWithReturnInspection,plugins/kotlin/code-insight/inspections-k2/src/org/jetbrains/kotlin/idea/codeInsight/inspections/UnsafeCastWithReturnInspection.kt,plugins/kotlin/code-insight/inspections-k2/tests/testData/inspectionsLocal/unsafeCastWithReturn,kotlin,plugins/kotlin/code-insight/inspections-k2/resources/intellij.kotlin.codeInsight.inspections.xml
UseExpressionBody,Expression body syntax is preferable here,Style issues,:rules:kotlin:style-issues,in,INFORMATION,true,types,reads expression types,,org.jetbrains.kotlin.idea.codeInsight.inspections.declarations.UseExpressionBodyInspection,plugins/kotlin/code-insight/inspections-k2/src/org/jetbrains/kotlin/idea/codeInsight/inspections/declarations/UseExpressionBodyInspection.kt,plugins/kotlin/idea/tests/testData/inspectionsLocal/useExpressionBody,kotlin,plugins/kotlin/code-insight/inspections-k2/resources/intellij.kotlin.codeInsight.inspections.xml
UsePropertyAccessSyntax,Accessor call that can be replaced with property access syntax,Style issues,:rules:kotlin:style-issues,in,WEAK WARNING,true,types,resolves calls,,org.jetbrains.kotlin.idea.codeInsight.inspections.UsePropertyAccessSyntaxInspection,plugins/kotlin/code-insight/inspections-k2/src/org/jetbrains/kotlin/idea/codeInsight/inspections/UsePropertyAccessSyntaxInspection.kt,plugins/kotlin/idea/tests/testData/inspectionsLocal/usePropertyAccessSyntax,kotlin,plugins/kotlin/code-insight/inspections-k2/resources/intellij.kotlin.codeInsight.inspections.xml
UseWithIndex,Manually incremented index variable can be replaced with use of 'withIndex()',Style issues,:rules:kotlin:style-issues,in,WEAK WARNING,true,not-portable,searches references in the project index,,org.jetbrains.kotlin.idea.codeInsight.inspections.UseWithIndexInspection,plugins/kotlin/code-insight/inspections-k2/src/org/jetbrains/kotlin/idea/codeInsight/inspections/UseWithIndexInspection.kt,,kotlin,plugins/kotlin/code-insight/inspections-k2/resources/intellij.kotlin.codeInsight.inspections.xml
VerboseNullabilityAndEmptiness,Verbose nullability and emptiness check,Style issues,:rules:kotlin:style-issues,in,WEAK WARNING,true,types,resolves calls,,org.jetbrains.kotlin.idea.codeInsight.inspections.VerboseNullabilityAndEmptinessInspection,plugins/kotlin/code-insight/inspections-k2/src/org/jetbrains/kotlin/idea/codeInsight/inspections/VerboseNullabilityAndEmptinessInspection.kt,plugins/kotlin/idea/tests/testData/inspectionsLocal/verboseNullabilityAndEmptiness,kotlin,plugins/kotlin/code-insight/inspections-k2/resources/intellij.kotlin.codeInsight.inspections.xml
DifferentKotlinGradleVersion,Kotlin Gradle and IDE plugins versions are different,Kotlin,,out: build file,WARNING,true,not-portable,inspects Groovy files,,org.jetbrains.kotlin.idea.groovy.inspections.DifferentKotlinGradleVersionInspection,plugins/kotlin/gradle/code-insight-groovy/src/org/jetbrains/kotlin/idea/groovy/inspections/DifferentKotlinGradleVersionInspection.kt,,Groovy,plugins/kotlin/gradle/code-insight-groovy/resources/intellij.kotlin.gradle.codeInsight.groovy.xml
DifferentKotlinMavenVersion,Maven and IDE plugins versions are different,Kotlin,,out: build file,WARNING,true,not-portable,inspects XML files,,org.jetbrains.kotlin.idea.maven.inspections.DifferentKotlinMavenVersionInspection,plugins/kotlin/maven/src/org/jetbrains/kotlin/idea/maven/inspections/DifferentKotlinMavenVersionInspection.kt,,XML,plugins/kotlin/maven/resources/intellij.kotlin.maven.xml
DifferentMavenStdlibVersion,Library and maven plugin versions are different,Kotlin,,out: build file,WARNING,true,not-portable,inspects XML files,,org.jetbrains.kotlin.idea.maven.inspections.DifferentMavenStdlibVersionInspection,plugins/kotlin/maven/src/org/jetbrains/kotlin/idea/maven/inspections/DifferentMavenStdlibVersionInspection.kt,,XML,plugins/kotlin/maven/resources/intellij.kotlin.maven.xml
DifferentStdlibGradleVersion,Kotlin library and Gradle plugin versions are different,Kotlin,,out: build file,WARNING,true,not-portable,inspects Groovy files,,org.jetbrains.kotlin.idea.groovy.inspections.DifferentStdlibGradleVersionInspection,plugins/kotlin/gradle/code-insight-groovy/src/org/jetbrains/kotlin/idea/groovy/inspections/DifferentStdlibGradleVersionInspection.kt,,Groovy,plugins/kotlin/gradle/code-insight-groovy/resources/intellij.kotlin.gradle.codeInsight.groovy.xml
KaptKotlinCompilerPlugin,Add Kotlin kapt compiler plugin to module build,Kotlin,,out: no matching group,WARNING,true,not-portable,reads the module structure,,org.jetbrains.kotlin.idea.configuration.inspections.KaptKotlinCompilerPluginInspection,plugins/kotlin/project-configuration/src/org/jetbrains/kotlin/idea/configuration/inspections/KaptKotlinCompilerPluginInspection.kt,,kotlin,plugins/kotlin/project-configuration/resources/intellij.kotlin.projectConfiguration.xml
KotlinInvalidBundleOrProperty,Invalid property key,Kotlin,,out: no matching group,ERROR,true,not-portable,reads declaration symbols,,org.jetbrains.kotlin.idea.i18n.KotlinInvalidBundleOrPropertyInspection,plugins/kotlin/i18n/src/org/jetbrains/kotlin/idea/i18n/KotlinInvalidBundleOrPropertyInspection.kt,,kotlin,plugins/kotlin/i18n/resources/intellij.kotlin.i18n.xml
KotlinMavenPluginPhase,Kotlin Maven Plugin misconfigured,Kotlin,,out: build file,WARNING,true,not-portable,inspects XML files,,org.jetbrains.kotlin.idea.maven.inspections.KotlinMavenPluginPhaseInspection,plugins/kotlin/maven/src/org/jetbrains/kotlin/idea/maven/inspections/KotlinMavenPluginPhaseInspection.kt,,XML,plugins/kotlin/maven/resources/intellij.kotlin.maven.xml
KotlinOptionsToCompilerOptions,Use of deprecated 'kotlinOptions' DSL,Gradle,,out: build file,WARNING,true,not-portable,resolves calls,,org.jetbrains.kotlin.gradle.scripting.inspections.KotlinOptionsToCompilerOptionsInspection,plugins/kotlin/gradle/scripting/src/org/jetbrains/kotlin/gradle/scripting/inspections/KotlinOptionsToCompilerOptionsInspection.kt,,kotlin,plugins/kotlin/gradle/scripting/resources/intellij.kotlin.gradle.scripting.xml
KotlinTestJUnit,kotlin-test-junit could be used,Kotlin,,out: build file,WARNING,true,not-portable,inspects XML files,,org.jetbrains.kotlin.idea.maven.inspections.KotlinTestJUnitInspection,plugins/kotlin/maven/src/org/jetbrains/kotlin/idea/maven/inspections/KotlinTestJUnitInspection.kt,,XML,plugins/kotlin/maven/resources/intellij.kotlin.maven.xml
LombokKotlinCompilerPlugin,lombok.kotlin.no.kotlin.lombok.compiler.plugin.inspection.problem.display.name,Kotlin,,out: no matching group,WARNING,true,not-portable,reads the module structure,,org.jetbrains.kotlin.idea.lombok.inspections.LombokKotlinCompilerPluginInspection,plugins/kotlin/lombok/src/org/jetbrains/kotlin/idea/lombok/inspections/LombokKotlinCompilerPluginInspection.kt,,kotlin,plugins/kotlin/lombok/resources/intellij.kotlin.lombok.xml
NonExternalClassifierExtendingStateOrProps,Non-external classifier extending State or Props,React,,out: React,WARNING,true,not-portable,reads declaration symbols,,org.jetbrains.kotlin.idea.codeInsight.inspections.js.NonExternalClassifierExtendingStateOrPropsInspection,plugins/kotlin/code-insight/inspections-k2/src/org/jetbrains/kotlin/idea/codeInsight/inspections/js/JavaScriptIrMigrationInspections.kt,plugins/kotlin/idea/tests/testData/inspectionsLocal/nonExternalClassifierExtendingStateOrProps,kotlin,plugins/kotlin/code-insight/inspections-k2/resources/intellij.kotlin.codeInsight.inspections.xml
